﻿{
  "Attacks": [
    {
      /* Martial */
      "EnglishName": "Punch (Uppercut)",
      "JapaneseName": "正拳",
      "AttackType": "Martial",
      "WeaponType": "Punch",
      "EnCost": 0,
      "GrowthRate": 5,
      "HpDamage": 5,
      "LpDamage": 1,
      "NumberOfHits": 1,
      "Attributes": [ "Hit" ]
    },
    {
      "EnglishName": "Bear Swipe",
      "JapaneseName": "熊掌打",
      "AttackType": "Martial",
      "WeaponType": "Punch",
      "EnCost": 0,
      "GrowthRate": 6,
      "HpDamage": 10,
      "LpDamage": 3,
      "NumberOfHits": 1,
      "Attributes": [ "Hit" ]
    },
    {
      "EnglishName": "Brute Force",
      "JapaneseName": "虎狼砲",
      "AttackType": "Martial",
      "WeaponType": "Punch",
      "EnCost": 0,
      "GrowthRate": 8,
      "HpDamage": 10,
      "LpDamage": 3,
      "NumberOfHits": 1,
      "Attributes": [ "Hit" ]
    },
    {
      "EnglishName": "Deadly Palm",
      "JapaneseName": "活殺獣神掌",
      "AttackType": "Martial",
      "WeaponType": "Punch",
      "EnCost": 0,
      "GrowthRate": 10,
      "HpDamage": 10,
      "LpDamage": 3,
      "NumberOfHits": 1,
      "Attributes": [ "Hit" ]
    },
    {
      "EnglishName": "Hummingbird",
      "JapaneseName": "マッハパンチ",
      "AttackType": "Martial",
      "WeaponType": "Punch",
      "EnCost": 0,
      "GrowthRate": 3,
      "HpDamage": 10,
      "LpDamage": 2,
      "NumberOfHits": 1,
      "Attributes": [ "Hit" ]
    },
    {
      "EnglishName": "Gatling Jab",
      "JapaneseName": "マシンガンジャブ",
      "AttackType": "Martial",
      "WeaponType": "Punch",
      "EnCost": 0,
      "GrowthRate": 3,
      "HpDamage": 15,
      "LpDamage": 2,
      "NumberOfHits": 3,
      "Attributes": [ "Hit" ]
    },
    {
      "EnglishName": "Bodhisattva",
      "JapaneseName": "千手観音",
      "AttackType": "Martial",
      "WeaponType": "Punch",
      "EnCost": 0,
      "GrowthRate": 6,
      "HpDamage": 6,
      "LpDamage": 3,
      "NumberOfHits": 6,
      "Attributes": [ "Hit" ]
    },
    {
      "EnglishName": "Punchout",
      "JapaneseName": "パンチアウト",
      "AttackType": "Martial",
      "WeaponType": "Punch",
      "EnCost": 0,
      "GrowthRate": 6,
      "HpDamage": 15,
      "LpDamage": 3,
      "NumberOfHits": 3,
      "Attributes": [ "Hit" ]
    },
    {
      "EnglishName": "Raksha",
      "JapaneseName": "羅刹掌",
      "AttackType": "Martial",
      "WeaponType": "Punch",
      "EnCost": 0,
      "GrowthRate": 8,
      "HpDamage": 40,
      "LpDamage": 6,
      "NumberOfHits": 1,
      "Attributes": [ "Hit" ]
    },
    {
      "EnglishName": "Kick",
      "JapaneseName": "キック",
      "AttackType": "Martial",
      "WeaponType": "Kick",
      "EnCost": 0,
      "GrowthRate": 5,
      "HpDamage": 10,
      "LpDamage": 2,
      "NumberOfHits": 1,
      "Attributes": [ "Hit" ]
    },
    {
      "EnglishName": "Sinker",
      "JapaneseName": "キッチンシンク",
      "AttackType": "Martial",
      "WeaponType": "Kick",
      "EnCost": 0,
      "GrowthRate": 5,
      "HpDamage": 15,
      "LpDamage": 5,
      "NumberOfHits": 1,
      "Attributes": [ "Hit" ]
    },
    {
      "EnglishName": "Thunder Kick",
      "JapaneseName": "稲妻キック",
      "AttackType": "Martial",
      "WeaponType": "Kick",
      "EnCost": 0,
      "GrowthRate": 6,
      "HpDamage": 20,
      "LpDamage": 3,
      "NumberOfHits": 1,
      "Attributes": [ "Hit" ]
    },
    {
      "EnglishName": "Flying Knee",
      "JapaneseName": "真空飛びヒザ",
      "AttackType": "Martial",
      "WeaponType": "Kick",
      "EnCost": 0,
      "GrowthRate": 8,
      "HpDamage": 25,
      "LpDamage": 3,
      "NumberOfHits": 1,
      "Attributes": [ "Hit" ]
    },
    {
      "EnglishName": "Triangle Kick",
      "JapaneseName": "三角蹴り",
      "AttackType": "Martial",
      "WeaponType": "Kick",
      "EnCost": 0,
      "GrowthRate": 7,
      "HpDamage": 15,
      "LpDamage": 6,
      "NumberOfHits": 1,
      "Attributes": [ "Hit" ]
    },
    {
      "EnglishName": "Three Dragon",
      "JapaneseName": "三龍旋",
      "AttackType": "Martial",
      "WeaponType": "Kick",
      "EnCost": 0,
      "GrowthRate": 9,
      "HpDamage": 30,
      "LpDamage": 5,
      "NumberOfHits": 3,
      "Attributes": [ "Hit" ]
    },
    {
      "EnglishName": "Kickrush",
      "JapaneseName": "キックラッシュ",
      "AttackType": "Martial",
      "WeaponType": "Kick",
      "EnCost": 0,
      "GrowthRate": 5,
      "HpDamage": 20,
      "LpDamage": 3,
      "NumberOfHits": 3,
      "Attributes": [ "Hit" ]
    },
    {
      "EnglishName": "Flash Flood",
      "JapaneseName": "滝登り",
      "AttackType": "Martial",
      "WeaponType": "Kick",
      "EnCost": 0,
      "GrowthRate": 6,
      "HpDamage": 25,
      "LpDamage": 3,
      "NumberOfHits": 3,
      "Attributes": [ "Hit" ]
    },
    {
      "EnglishName": "Throw",
      "JapaneseName": "体落とし",
      "AttackType": "Martial",
      "WeaponType": "Throw",
      "EnCost": 0,
      "GrowthRate": 5,
      "HpDamage": 5,
      "LpDamage": 1,
      "NumberOfHits": 1,
      "Attributes": [ "Hit" ]
    },
    {
      "EnglishName": "Kawazu Throw",
      "JapaneseName": "かわづ掛け",
      "AttackType": "Martial",
      "WeaponType": "Throw",
      "EnCost": 0,
      "GrowthRate": 6,
      "HpDamage": 10,
      "LpDamage": 2,
      "NumberOfHits": 1,
      "Attributes": [ "Hit" ]
    },
    {
      "EnglishName": "Hammerfall",
      "JapaneseName": "あびせ倒し",
      "AttackType": "Martial",
      "WeaponType": "Throw",
      "EnCost": 0,
      "GrowthRate": 7,
      "HpDamage": 20,
      "LpDamage": 2,
      "NumberOfHits": 1,
      "Attributes": [ "Hit" ]
    },
    {
      "EnglishName": "Call Back",
      "JapaneseName": "呼び戻し",
      "AttackType": "Martial",
      "WeaponType": "Throw",
      "EnCost": 0,
      "GrowthRate": 7,
      "HpDamage": 20,
      "LpDamage": 4,
      "NumberOfHits": 2,
      "Attributes": [ "Hit" ]
    },
    {
      "EnglishName": "Hairdryer",
      "JapaneseName": "空気投げ",
      "AttackType": "Martial",
      "WeaponType": "Throw",
      "EnCost": 0,
      "GrowthRate": 3,
      "HpDamage": 5,
      "LpDamage": 0,
      "NumberOfHits": 1,
      "Attributes": [ "Hit" ]
    },
    {
      "EnglishName": "Cyclone",
      "JapaneseName": "竜巻投げ",
      "AttackType": "Martial",
      "WeaponType": "Throw",
      "EnCost": 0,
      "GrowthRate": 6,
      "HpDamage": 20,
      "LpDamage": 2,
      "NumberOfHits": 1,
      "Attributes": [ "Hit", "Pierce" ]
    },
    {
      "EnglishName": "Windwhistle",
      "JapaneseName": "風殺陣",
      "AttackType": "Martial",
      "WeaponType": "Throw",
      "EnCost": 0,
      "GrowthRate": 6,
      "HpDamage": 20,
      "LpDamage": 4,
      "NumberOfHits": 3,
      "Attributes": [ "Hit", "Pierce" ]
    },
    { /* Dagger */
      "EnglishName": "Quick Thrust",
      "JapaneseName": "高速突き",
      "AttackType": "Skill",
      "WeaponType": "Dagger",
      "EnCost": 1,
      "GrowthRate": 4,
      "HpDamage": 5,
      "LpDamage": 5,
      "NumberOfHits": 1,
      "Attributes": [ "Pierce" ],
      "IsCommon": true
    },
    {
      "EnglishName": "Sonic Thrust",
      "JapaneseName": "音速突き",
      "AttackType": "Skill",
      "WeaponType": "Dagger",
      "EnCost": 1,
      "GrowthRate": 5,
      "HpDamage": 10,
      "LpDamage": 6,
      "NumberOfHits": 1,
      "Attributes": [ "Pierce" ]
    },
    {
      "EnglishName": "Lightning Thrust",
      "JapaneseName": "感電突き",
      "AttackType": "Skill",
      "WeaponType": "Dagger",
      "EnCost": 1,
      "GrowthRate": 5,
      "HpDamage": 10,
      "LpDamage": 5,
      "NumberOfHits": 1,
      "Attributes": [ "Pierce", "Lightning" ]
    },
    {
      "EnglishName": "Blitz",
      "JapaneseName": "電光石火",
      "AttackType": "Skill",
      "WeaponType": "Dagger",
      "EnCost": 1,
      "GrowthRate": 7,
      "HpDamage": 15,
      "LpDamage": 6,
      "NumberOfHits": 1,
      "Attributes": [ "Pierce" ]
    },
    {
      "EnglishName": "Knife Throw",
      "JapaneseName": "ナイフ投げ",
      "AttackType": "Skill",
      "WeaponType": "Dagger",
      "EnCost": 1,
      "GrowthRate": 3,
      "HpDamage": 10,
      "LpDamage": 5,
      "NumberOfHits": 1,
      "Attributes": [ "Pierce" ]
    },
    {
      "EnglishName": "Trickster",
      "JapaneseName": "曲投げ",
      "AttackType": "Skill",
      "WeaponType": "Dagger",
      "EnCost": 1,
      "GrowthRate": 4,
      "HpDamage": 10,
      "LpDamage": 6,
      "NumberOfHits": 1,
      "Attributes": [ "Pierce" ]
    },
    {
      "EnglishName": "Juggle",
      "JapaneseName": "ジャグラースロー",
      "AttackType": "Skill",
      "WeaponType": "Dagger",
      "EnCost": 1,
      "GrowthRate": 6,
      "HpDamage": 10,
      "LpDamage": 6,
      "NumberOfHits": 3,
      "Attributes": [ "Pierce" ]
    },
    {
      "EnglishName": "Trick Shot",
      "JapaneseName": "トリック突き",
      "AttackType": "Skill",
      "WeaponType": "Dagger",
      "EnCost": 1,
      "GrowthRate": 4,
      "HpDamage": 5,
      "LpDamage": 5,
      "NumberOfHits": 1,
      "Attributes": [ "Pierce" ]
    },
    {
      "EnglishName": "Cut In",
      "JapaneseName": "カットイン",
      "AttackType": "Skill",
      "WeaponType": "Dagger",
      "EnCost": 1,
      "GrowthRate": 7,
      "HpDamage": 15,
      "LpDamage": 4,
      "NumberOfHits": 1,
      "Attributes": [ "Slash" ]
    },
    {
      "EnglishName": "Double Trickster",
      "JapaneseName": "ダブルトリック",
      "AttackType": "Skill",
      "WeaponType": "Dagger",
      "EnCost": 1,
      "GrowthRate": 6,
      "HpDamage": 20,
      "LpDamage": 6,
      "NumberOfHits": 2,
      "Attributes": [ "Pierce" ]
    },
    {
      "EnglishName": "Stunner",
      "JapaneseName": "しびれ突き",
      "AttackType": "Skill",
      "WeaponType": "Dagger",
      "EnCost": 1,
      "GrowthRate": 3,
      "HpDamage": 5,
      "LpDamage": 1,
      "NumberOfHits": 1,
      "Attributes": [ "Pierce" ]
    },
    {
      "EnglishName": "Slashout",
      "JapaneseName": "スラッシュアウト",
      "AttackType": "Skill",
      "WeaponType": "Dagger",
      "EnCost": 1,
      "GrowthRate": 5,
      "HpDamage": 10,
      "LpDamage": 5,
      "NumberOfHits": 2,
      "Attributes": [ "Pierce", "Slash" ]
    },
    {
      "EnglishName": "Bloody Mary",
      "JapaneseName": "ブラディーマリー",
      "AttackType": "Skill",
      "WeaponType": "Dagger",
      "EnCost": 1,
      "GrowthRate": 5,
      "HpDamage": 20,
      "LpDamage": 7,
      "NumberOfHits": 3,
      "Attributes": [ "Pierce" ]
    },
    {
      "EnglishName": "Speedy Bleedy",
      "JapaneseName": "加速突き",
      "AttackType": "Skill",
      "WeaponType": "Dagger",
      "EnCost": 1,
      "GrowthRate": 5,
      "HpDamage": 5,
      "LpDamage": 5,
      "NumberOfHits": 1,
      "Attributes": [ "Pierce" ]
    },
    {
      "EnglishName": "Cross Cut",
      "JapaneseName": "カットイン・クロス",
      "AttackType": "Skill",
      "WeaponType": "Dagger",
      "EnCost": 1,
      "GrowthRate": 7,
      "HpDamage": 15,
      "LpDamage": 5,
      "NumberOfHits": 2,
      "Attributes": [ "Pierce", "Slash" ]
    },
    {
      "EnglishName": "Dice",
      "JapaneseName": "切り刻む",
      "AttackType": "Skill",
      "WeaponType": "Dagger",
      "EnCost": 2,
      "GrowthRate": 3,
      "HpDamage": 5,
      "LpDamage": 4,
      "NumberOfHits": 3,
      "Attributes": [ "Slash" ]
    },
    {
      "EnglishName": "Mince",
      "JapaneseName": "なます切り",
      "AttackType": "Skill",
      "WeaponType": "Dagger",
      "EnCost": 2,
      "GrowthRate": 5,
      "HpDamage": 15,
      "LpDamage": 5,
      "NumberOfHits": 3,
      "Attributes": [ "Slash" ]
    },
    {
      "EnglishName": "Puree",
      "JapaneseName": "ダーティーダンス",
      "AttackType": "Skill",
      "WeaponType": "Dagger",
      "EnCost": 2,
      "GrowthRate": 5,
      "HpDamage": 25,
      "LpDamage": 6,
      "NumberOfHits": 5,
      "Attributes": [ "Slash" ]
    },
    { /* Sword */
      "EnglishName": "Multi Blade",
      "JapaneseName": "二段斬り",
      "AttackType": "Strength",
      "WeaponType": "Sword",
      "EnCost": 1,
      "GrowthRate": 3,
      "HpDamage": 5,
      "LpDamage": 2,
      "NumberOfHits": 2,
      "Attributes": [ "Slash" ]
    },
    {
      "EnglishName": "Double Mist",
      "JapaneseName": "かすみ二段",
      "AttackType": "Strength",
      "WeaponType": "Sword",
      "EnCost": 1,
      "GrowthRate": 6,
      "HpDamage": 10,
      "LpDamage": 3,
      "NumberOfHits": 1,
      "Attributes": [ "Slash" ]
    },
    {
      "EnglishName": "Heaven and Earth",
      "JapaneseName": "天地二段",
      "AttackType": "Strength",
      "WeaponType": "Sword",
      "EnCost": 1,
      "GrowthRate": 6,
      "HpDamage": 10,
      "LpDamage": 3,
      "NumberOfHits": 2,
      "Attributes": [ "Slash" ]
    },
    {
      "EnglishName": "Triple Edge",
      "JapaneseName": "三段斬り",
      "AttackType": "Strength",
      "WeaponType": "Sword",
      "EnCost": 1,
      "GrowthRate": 6,
      "HpDamage": 15,
      "LpDamage": 2,
      "NumberOfHits": 3,
      "Attributes": [ "Slash" ]
    },
    {
      "EnglishName": "Reckless Slash",
      "JapaneseName": "滅多斬り",
      "AttackType": "Strength",
      "WeaponType": "Sword",
      "EnCost": 1,
      "GrowthRate": 5,
      "HpDamage": 15,
      "LpDamage": 2,
      "NumberOfHits": 6,
      "Attributes": [ "Slash" ]
    },
    {
      "EnglishName": "Rear Blade",
      "JapaneseName": "追突剣",
      "AttackType": "Strength",
      "WeaponType": "Sword",
      "EnCost": 1,
      "GrowthRate": 2,
      "HpDamage": 5,
      "LpDamage": 3,
      "NumberOfHits": 2,
      "Attributes": [ "Slash", "Hit" ]
    },
    {
      "EnglishName": "Roundabout",
      "JapaneseName": "転",
      "AttackType": "Strength",
      "WeaponType": "Sword",
      "EnCost": 1,
      "GrowthRate": 6,
      "HpDamage": 15,
      "LpDamage": 5,
      "NumberOfHits": 2,
      "Attributes": [ "Slash" ]
    },
    {
      "EnglishName": "Bopeep",
      "JapaneseName": "変幻自在",
      "AttackType": "Strength",
      "WeaponType": "Sword",
      "EnCost": 1,
      "GrowthRate": 6,
      "HpDamage": 20,
      "LpDamage": 5,
      "NumberOfHits": 3,
      "Attributes": [ "Slash" ]
    },
    {
      "EnglishName": "Slash",
      "JapaneseName": "払い抜け",
      "AttackType": "Strength",
      "WeaponType": "Sword",
      "EnCost": 1,
      "GrowthRate": 4,
      "HpDamage": 5,
      "LpDamage": 3,
      "NumberOfHits": 2,
      "Attributes": [ "Slash" ],
      "IsCommon": true
    },
    {
      "EnglishName": "Slice",
      "JapaneseName": "なで斬り",
      "AttackType": "Strength",
      "WeaponType": "Sword",
      "EnCost": 1,
      "GrowthRate": 4,
      "HpDamage": 10,
      "LpDamage": 3,
      "NumberOfHits": 2,
      "Attributes": [ "Slash" ]
    },
    {
      "EnglishName": "Gust",
      "JapaneseName": "逆風の太刀",
      "AttackType": "Strength",
      "WeaponType": "Sword",
      "EnCost": 1,
      "GrowthRate": 5,
      "HpDamage": 10,
      "LpDamage": 3,
      "NumberOfHits": 2,
      "Attributes": [ "Slash" ]
    },
    {
      "EnglishName": "Dragon's Tail",
      "JapaneseName": "龍尾返し",
      "AttackType": "Strength",
      "WeaponType": "Sword",
      "EnCost": 1,
      "GrowthRate": 7,
      "HpDamage": 20,
      "LpDamage": 3,
      "NumberOfHits": 2,
      "Attributes": [ "Slash" ]
    },
    {
      "EnglishName": "Clear Water",
      "JapaneseName": "清流剣",
      "AttackType": "Strength",
      "WeaponType": "Sword",
      "EnCost": 1,
      "GrowthRate": 10,
      "HpDamage": 40,
      "LpDamage": 4,
      "NumberOfHits": 1,
      "Attributes": [ "Slash" ]
    },
    {
      "EnglishName": "Cross Slash",
      "JapaneseName": "十字斬り",
      "AttackType": "Strength",
      "WeaponType": "Sword",
      "EnCost": 1,
      "GrowthRate": 4,
      "HpDamage": 5,
      "LpDamage": 3,
      "NumberOfHits": 2,
      "Attributes": [ "Slash" ]
    },
    {
      "EnglishName": "X-Terminator",
      "JapaneseName": "クロスブレイク",
      "AttackType": "Strength",
      "WeaponType": "Sword",
      "EnCost": 1,
      "GrowthRate": 4,
      "HpDamage": 10,
      "LpDamage": 3,
      "NumberOfHits": 2,
      "Attributes": [ "Slash" ]
    },
    {
      "EnglishName": "Grand Cross",
      "JapaneseName": "グランドクロス",
      "AttackType": "Strength",
      "WeaponType": "Sword",
      "EnCost": 1,
      "GrowthRate": 5,
      "HpDamage": 15,
      "LpDamage": 4,
      "NumberOfHits": 2,
      "Attributes": [ "Slash" ]
    },
    {
      "EnglishName": "Doppelganger",
      "JapaneseName": "マルチウェイ",
      "AttackType": "Strength",
      "WeaponType": "Sword",
      "EnCost": 1,
      "GrowthRate": 7,
      "HpDamage": 15,
      "LpDamage": 5,
      "NumberOfHits": 4,
      "Attributes": [ "Slash" ]
    },
    {
      "EnglishName": "Stardust",
      "JapaneseName": "巻き打ち",
      "AttackType": "Strength",
      "WeaponType": "Sword",
      "EnCost": 1,
      "GrowthRate": 6,
      "HpDamage": 9,
      "LpDamage": 3,
      "NumberOfHits": 1,
      "Attributes": [ "Slash" ]
    },
    {
      "EnglishName": "Noggin Knocker",
      "JapaneseName": "かぶと割り",
      "AttackType": "Strength",
      "WeaponType": "Sword",
      "EnCost": 1,
      "GrowthRate": 6,
      "HpDamage": 10,
      "LpDamage": 3,
      "NumberOfHits": 1,
      "Attributes": [ "Slash" ]
    },
    {
      "EnglishName": "Golden Dragon",
      "JapaneseName": "黄龍剣",
      "AttackType": "Strength",
      "WeaponType": "Sword",
      "EnCost": 1,
      "GrowthRate": 9,
      "HpDamage": 45,
      "LpDamage": 4,
      "NumberOfHits": 3,
      "Attributes": [ "Slash" ]
    },
    {
      "EnglishName": "Blast",
      "JapaneseName": "スマッシュ",
      "AttackType": "Strength",
      "WeaponType": "Sword",
      "EnCost": 2,
      "GrowthRate": 5,
      "HpDamage": 15,
      "LpDamage": 3,
      "NumberOfHits": 1,
      "Attributes": [ "Slash" ]
    },
    {
      "EnglishName": "Bear Slash",
      "JapaneseName": "ベアクラッシュ",
      "AttackType": "Strength",
      "WeaponType": "Sword",
      "EnCost": 2,
      "GrowthRate": 8,
      "HpDamage": 35,
      "LpDamage": 3,
      "NumberOfHits": 1,
      "Attributes": [ "Slash" ]
    },
    {
      "EnglishName": "Vandalize",
      "JapaneseName": "ヴァンダライズ",
      "AttackType": "Strength",
      "WeaponType": "Sword",
      "EnCost": 2,
      "GrowthRate": 9,
      "HpDamage": 55,
      "LpDamage": 3,
      "NumberOfHits": 1,
      "Attributes": [ "Slash" ]
    },
    { /* Axe */
      "EnglishName": "Wood Chopper",
      "JapaneseName": "大木断",
      "AttackType": "Strength",
      "WeaponType": "Axe",
      "EnCost": 1,
      "GrowthRate": 5,
      "HpDamage": 10,
      "LpDamage": 3,
      "NumberOfHits": 1,
      "Attributes": [ "Slash", "Hit" ]
    },
    {
      "EnglishName": "Bamboo Split",
      "JapaneseName": "たけくらべ",
      "AttackType": "Strength",
      "WeaponType": "Axe",
      "EnCost": 1,
      "GrowthRate": 6,
      "HpDamage": 10,
      "LpDamage": 3,
      "NumberOfHits": 1,
      "Attributes": [ "Slash", "Hit" ]
    },
    {
      "EnglishName": "Phoenix Blow",
      "JapaneseName": "マキ割りフェニックス",
      "AttackType": "Strength",
      "WeaponType": "Axe",
      "EnCost": 1,
      "GrowthRate": 8,
      "HpDamage": 45,
      "LpDamage": 3,
      "NumberOfHits": 2,
      "Attributes": [ "Slash", "Hit" ]
    },
    {
      "EnglishName": "Tomahawk",
      "JapaneseName": "トマホーク",
      "AttackType": "Strength",
      "WeaponType": "Axe",
      "EnCost": 1,
      "GrowthRate": 5,
      "HpDamage": 5,
      "LpDamage": 3,
      "NumberOfHits": 1,
      "Attributes": [ "Slash", "Hit" ]
    },
    {
      "EnglishName": "Juggler's Nightmare",
      "JapaneseName": "大回転投げ",
      "AttackType": "Strength",
      "WeaponType": "Axe",
      "EnCost": 1,
      "GrowthRate": 7,
      "HpDamage": 10,
      "LpDamage": 3,
      "NumberOfHits": 1,
      "Attributes": [ "Slash", "Hit" ]
    },
    {
      "EnglishName": "Skydive",
      "JapaneseName": "スカイドライヴ",
      "AttackType": "Strength",
      "WeaponType": "Axe",
      "EnCost": 1,
      "GrowthRate": 8,
      "HpDamage": 15,
      "LpDamage": 3,
      "NumberOfHits": 1,
      "Attributes": [ "Slash", "Hit" ]
    },
    {
      "EnglishName": "Skyscraper",
      "JapaneseName": "スカイクレイパー",
      "AttackType": "Strength",
      "WeaponType": "Axe",
      "EnCost": 1,
      "GrowthRate": 9,
      "HpDamage": 20,
      "LpDamage": 4,
      "NumberOfHits": 1,
      "Attributes": [ "Slash", "Hit" ]
    },
    {
      "EnglishName": "Time Lapse",
      "JapaneseName": "一人時間差",
      "AttackType": "Strength",
      "WeaponType": "Axe",
      "EnCost": 1,
      "GrowthRate": 6,
      "HpDamage": 5,
      "LpDamage": 4,
      "NumberOfHits": 1,
      "Attributes": [ "Slash", "Hit" ],
      "IsCommon": true
    },
    {
      "EnglishName": "Backslash",
      "JapaneseName": "バックスラッシュ",
      "AttackType": "Strength",
      "WeaponType": "Axe",
      "EnCost": 1,
      "GrowthRate": 7,
      "HpDamage": 5,
      "LpDamage": 5,
      "NumberOfHits": 2,
      "Attributes": [ "Slash", "Hit" ]
    },
    {
      "EnglishName": "Reverse Delta",
      "JapaneseName": "高速ナブラ",
      "AttackType": "Strength",
      "WeaponType": "Axe",
      "EnCost": 1,
      "GrowthRate": 9,
      "HpDamage": 30,
      "LpDamage": 7,
      "NumberOfHits": 3,
      "Attributes": [ "Slash", "Hit" ],
      "IsCommon": true
    },
    {
      "EnglishName": "Hyper Hammer",
      "JapaneseName": "ハイパーハンマー",
      "AttackType": "Strength",
      "WeaponType": "Axe",
      "EnCost": 1,
      "GrowthRate": 4,
      "HpDamage": 10,
      "LpDamage": 3,
      "NumberOfHits": 2,
      "Attributes": [ "Slash", "Hit" ]
    },
    {
      "EnglishName": "Slew Motion",
      "JapaneseName": "旋回断",
      "AttackType": "Strength",
      "WeaponType": "Axe",
      "EnCost": 1,
      "GrowthRate": 5,
      "HpDamage": 15,
      "LpDamage": 3,
      "NumberOfHits": 2,
      "Attributes": [ "Slash", "Hit" ]
    },
    {
      "EnglishName": "Night's Crossing",
      "JapaneseName": "夜叉横断",
      "AttackType": "Strength",
      "WeaponType": "Axe",
      "EnCost": 1,
      "GrowthRate": 5,
      "HpDamage": 25,
      "LpDamage": 4,
      "NumberOfHits": 3,
      "Attributes": [ "Slash", "Hit" ]
    },
    {
      "EnglishName": "Fuji View",
      "JapaneseName": "富岳八景",
      "AttackType": "Strength",
      "WeaponType": "Axe",
      "EnCost": 1,
      "GrowthRate": 6,
      "HpDamage": 30,
      "LpDamage": 4,
      "NumberOfHits": 4,
      "Attributes": [ "Slash", "Hit" ]
    },
    {
      "EnglishName": "Bash",
      "JapaneseName": "強打",
      "AttackType": "Strength",
      "WeaponType": "Axe",
      "EnCost": 2,
      "GrowthRate": 6,
      "HpDamage": 15,
      "LpDamage": 2,
      "NumberOfHits": 1,
      "Attributes": [ "Slash", "Hit" ]
    },
    {
      "EnglishName": "Heartbreaker",
      "JapaneseName": "夜叉横断",
      "AttackType": "Strength",
      "WeaponType": "Axe",
      "EnCost": 2,
      "GrowthRate": 7,
      "HpDamage": 20,
      "LpDamage": 2,
      "NumberOfHits": 1,
      "Attributes": [ "Slash", "Hit" ]
    },
    {
      "EnglishName": "Splinter Pierce",
      "JapaneseName": "木端微塵",
      "AttackType": "Strength",
      "WeaponType": "Axe",
      "EnCost": 2,
      "GrowthRate": 8,
      "HpDamage": 30,
      "LpDamage": 3,
      "NumberOfHits": 3,
      "Attributes": [ "Slash", "Hit" ]
    },
    { /* Staff */
      "EnglishName": "Slam",
      "JapaneseName": "本手打ち",
      "AttackType": "Strength",
      "WeaponType": "Staff",
      "EnCost": 1,
      "GrowthRate": 3,
      "HpDamage": 5,
      "LpDamage": 1,
      "NumberOfHits": 1,
      "Attributes": [ "Hit" ],
      "IsCommon": true
    },
    {
      "EnglishName": "Drag Down",
      "JapaneseName": "引き落とし",
      "AttackType": "Strength",
      "WeaponType": "Staff",
      "EnCost": 1,
      "GrowthRate": 4,
      "HpDamage": 10,
      "LpDamage": 1,
      "NumberOfHits": 1,
      "Attributes": [ "Hit" ],
      "IsCommon": true
    },
    {
      "EnglishName": "Cruncher",
      "JapaneseName": "痛打",
      "AttackType": "Strength",
      "WeaponType": "Staff",
      "EnCost": 1,
      "GrowthRate": 5,
      "HpDamage": 15,
      "LpDamage": 5,
      "NumberOfHits": 1,
      "Attributes": [ "Hit" ]
    },
    {
      "EnglishName": "Aqua Luna",
      "JapaneseName": "ウォータームーン",
      "AttackType": "Strength",
      "WeaponType": "Staff",
      "EnCost": 1,
      "GrowthRate": 7,
      "HpDamage": 15,
      "LpDamage": 8,
      "NumberOfHits": 1,
      "Attributes": [ "Hit" ]
    },
    {
      "EnglishName": "Roundhouse",
      "JapaneseName": "回し打ち",
      "AttackType": "Strength",
      "WeaponType": "Staff",
      "EnCost": 1,
      "GrowthRate": 3,
      "HpDamage": 5,
      "LpDamage": 2,
      "NumberOfHits": 2,
      "Attributes": [ "Hit" ]
    },
    {
      "EnglishName": "Repound",
      "JapaneseName": "返し突き",
      "AttackType": "Strength",
      "WeaponType": "Staff",
      "EnCost": 1,
      "GrowthRate": 3,
      "HpDamage": 10,
      "LpDamage": 2,
      "NumberOfHits": 2,
      "Attributes": [ "Hit" ]
    },
    {
      "EnglishName": "Time & Tide",
      "JapaneseName": "からすとうさぎ",
      "AttackType": "Strength",
      "WeaponType": "Staff",
      "EnCost": 1,
      "GrowthRate": 7,
      "HpDamage": 25,
      "LpDamage": 1,
      "NumberOfHits": 2,
      "Attributes": [ "Hit" ]
    },
    {
      "EnglishName": "Multi Hit",
      "JapaneseName": "二連打",
      "AttackType": "Strength",
      "WeaponType": "Staff",
      "EnCost": 1,
      "GrowthRate": 4,
      "HpDamage": 5,
      "LpDamage": 1,
      "NumberOfHits": 2,
      "Attributes": [ "Hit" ]
    },
    {
      "EnglishName": "Triple Hit",
      "JapaneseName": "正中三連撃",
      "AttackType": "Strength",
      "WeaponType": "Staff",
      "EnCost": 1,
      "GrowthRate": 4,
      "HpDamage": 10,
      "LpDamage": 3,
      "NumberOfHits": 3,
      "Attributes": [ "Hit" ]
    },
    {
      "EnglishName": "Rock Splitter",
      "JapaneseName": "削岩撃",
      "AttackType": "Strength",
      "WeaponType": "Staff",
      "EnCost": 1,
      "GrowthRate": 4,
      "HpDamage": 20,
      "LpDamage": 3,
      "NumberOfHits": 3,
      "Attributes": [ "Hit" ]
    },
    {
      "EnglishName": "Total Agony",
      "JapaneseName": "全身強打",
      "AttackType": "Strength",
      "WeaponType": "Staff",
      "EnCost": 1,
      "GrowthRate": 5,
      "HpDamage": 20,
      "LpDamage": 4,
      "NumberOfHits": 4,
      "Attributes": [ "Hit" ]
    },
    {
      "EnglishName": "Bone Crusher",
      "JapaneseName": "骨砕き",
      "AttackType": "Strength",
      "WeaponType": "Staff",
      "EnCost": 1,
      "GrowthRate": 4,
      "HpDamage": 5,
      "LpDamage": 2,
      "NumberOfHits": 1,
      "Attributes": [ "Hit" ],
      "IsCommon": true
    },
    {
      "EnglishName": "Skull Splitter",
      "JapaneseName": "脳天割り",
      "AttackType": "Strength",
      "WeaponType": "Staff",
      "EnCost": 1,
      "GrowthRate": 4,
      "HpDamage": 10,
      "LpDamage": 2,
      "NumberOfHits": 1,
      "Attributes": [ "Hit" ]
    },
    {
      "EnglishName": "Cruncher",
      "JapaneseName": "痛打",
      "AttackType": "Strength",
      "WeaponType": "Staff",
      "EnCost": 1,
      "GrowthRate": 5,
      "HpDamage": 15,
      "LpDamage": 5,
      "NumberOfHits": 1,
      "Attributes": [ "Hit" ]
    },
    {
      "EnglishName": "Pulverizer",
      "JapaneseName": "粉砕撃",
      "AttackType": "Strength",
      "WeaponType": "Staff",
      "EnCost": 1,
      "GrowthRate": 3,
      "HpDamage": 30,
      "LpDamage": 2,
      "NumberOfHits": 3,
      "Attributes": [ "Hit" ]
    },
    {
      "EnglishName": "Coma Dose",
      "JapaneseName": "ハードヒット",
      "AttackType": "Strength",
      "WeaponType": "Staff",
      "EnCost": 1,
      "GrowthRate": 5,
      "HpDamage": 10,
      "LpDamage": 3,
      "NumberOfHits": 1,
      "Attributes": [ "Hit" ]
    },
    {
      "EnglishName": "Bell Ringer",
      "JapaneseName": "どら鳴らし",
      "AttackType": "Strength",
      "WeaponType": "Staff",
      "EnCost": 1,
      "GrowthRate": 6,
      "HpDamage": 20,
      "LpDamage": 3,
      "NumberOfHits": 1,
      "Attributes": [ "Hit" ]
    },
    {
      "EnglishName": "Nutcracker",
      "JapaneseName": "かめごうら割り",
      "AttackType": "Strength",
      "WeaponType": "Staff",
      "EnCost": 1,
      "GrowthRate": 8,
      "HpDamage": 25,
      "LpDamage": 3,
      "NumberOfHits": 1,
      "Attributes": [ "Hit" ]
    },
    {
      "EnglishName": "Earth Dragon",
      "JapaneseName": "土龍撃",
      "AttackType": "Strength",
      "WeaponType": "Staff",
      "EnCost": 1,
      "GrowthRate": 4,
      "HpDamage": 10,
      "LpDamage": 1,
      "NumberOfHits": 1,
      "Attributes": [ "Hit" ]
    },
    {
      "EnglishName": "Grand Slam",
      "JapaneseName": "グランドスラム",
      "AttackType": "Strength",
      "WeaponType": "Staff",
      "EnCost": 1,
      "GrowthRate": 1,
      "HpDamage": 25,
      "LpDamage": 1,
      "NumberOfHits": 1,
      "Attributes": [ "Hit" ]
    },
    { /* Spear */
      "EnglishName": "Flash Pierce",
      "JapaneseName": "閃光突き",
      "AttackType": "Strength",
      "WeaponType": "Spear",
      "EnCost": 1,
      "GrowthRate": 6,
      "HpDamage": 5,
      "LpDamage": 5,
      "NumberOfHits": 1,
      "Attributes": [ "Pierce" ]
    },
    {
      "EnglishName": "Bolt Skewer",
      "JapaneseName": "くし刺し",
      "AttackType": "Strength",
      "WeaponType": "Spear",
      "EnCost": 1,
      "GrowthRate": 6,
      "HpDamage": 10,
      "LpDamage": 5,
      "NumberOfHits": 1,
      "Attributes": [ "Pierce" ]
    },
    {
      "EnglishName": "Arm of Light",
      "JapaneseName": "光の腕",
      "AttackType": "Strength",
      "WeaponType": "Spear",
      "EnCost": 1,
      "GrowthRate": 8,
      "HpDamage": 20,
      "LpDamage": 5,
      "NumberOfHits": 2,
      "Attributes": [ "Pierce" ]
    },
    {
      "EnglishName": "Javelin",
      "JapaneseName": "ジャベリン",
      "AttackType": "Strength",
      "WeaponType": "Spear",
      "EnCost": 1,
      "GrowthRate": 5,
      "HpDamage": 10,
      "LpDamage": 4,
      "NumberOfHits": 1,
      "Attributes": [ "Pierce" ]
    },
    {
      "EnglishName": "Puncture",
      "JapaneseName": "スカッシュ",
      "AttackType": "Strength",
      "WeaponType": "Spear",
      "EnCost": 1,
      "GrowthRate": 6,
      "HpDamage": 15,
      "LpDamage": 5,
      "NumberOfHits": 2,
      "Attributes": [ "Pierce" ]
    },
    {
      "EnglishName": "Twin Dragons",
      "JapaneseName": "双龍破",
      "AttackType": "Strength",
      "WeaponType": "Spear",
      "EnCost": 1,
      "GrowthRate": 7,
      "HpDamage": 15,
      "LpDamage": 5,
      "NumberOfHits": 2,
      "Attributes": [ "Pierce" ]
    },
    {
      "EnglishName": "DHS",
      "JapaneseName": "DHS",
      "AttackType": "Strength",
      "WeaponType": "Spear",
      "EnCost": 1,
      "GrowthRate": 9,
      "HpDamage": 20,
      "LpDamage": 6,
      "NumberOfHits": 2,
      "Attributes": [ "Pierce" ]
    },
    {
      "EnglishName": "Grasshopper",
      "JapaneseName": "草伏せ",
      "AttackType": "Strength",
      "WeaponType": "Spear",
      "EnCost": 1,
      "GrowthRate": 3,
      "HpDamage": 10,
      "LpDamage": 1,
      "NumberOfHits": 1,
      "Attributes": [ "Pierce", "Slash" ]
    },
    {
      "EnglishName": "Reaper",
      "JapaneseName": "スウィング",
      "AttackType": "Strength",
      "WeaponType": "Spear",
      "EnCost": 1,
      "GrowthRate": 5,
      "HpDamage": 25,
      "LpDamage": 1,
      "NumberOfHits": 2,
      "Attributes": [ "Pierce", "Slash" ]
    },
    {
      "EnglishName": "Aim",
      "JapaneseName": "エイミング",
      "AttackType": "Strength",
      "WeaponType": "Spear",
      "EnCost": 1,
      "GrowthRate": 5,
      "HpDamage": 15,
      "LpDamage": 6,
      "NumberOfHits": 1,
      "Attributes": [ "Pierce", "Hit", "Slash" ],
      "IsCommon": true
    },
    {
      "EnglishName": "Divine Lancer",
      "JapaneseName": "活殺獣神衝",
      "AttackType": "Strength",
      "WeaponType": "Spear",
      "EnCost": 1,
      "GrowthRate": 8,
      "HpDamage": 15,
      "LpDamage": 7,
      "NumberOfHits": 1,
      "Attributes": [ "Pierce", "Slash" ]
    },
    {
      "EnglishName": "Acupuncture",
      "JapaneseName": "独妙点穴",
      "AttackType": "Strength",
      "WeaponType": "Spear",
      "EnCost": 1,
      "GrowthRate": 7,
      "HpDamage": 25,
      "LpDamage": 8,
      "NumberOfHits": 2,
      "Attributes": [ "Pierce", "Hit", "Slash" ]
    },
    {
      "EnglishName": "Double Stab",
      "JapaneseName": "二段突き",
      "AttackType": "Strength",
      "WeaponType": "Spear",
      "EnCost": 2,
      "GrowthRate": 5,
      "HpDamage": 10,
      "LpDamage": 4,
      "NumberOfHits": 2,
      "Attributes": [ "Pierce" ]
    },
    {
      "EnglishName": "Poker's Wild",
      "JapaneseName": "無双三段",
      "AttackType": "Strength",
      "WeaponType": "Spear",
      "EnCost": 2,
      "GrowthRate": 10,
      "HpDamage": 30,
      "LpDamage": 6,
      "NumberOfHits": 3,
      "Attributes": [ "Pierce" ]
    },
    {
      "EnglishName": "Charge",
      "JapaneseName": "チャージ",
      "AttackType": "Strength",
      "WeaponType": "Spear",
      "EnCost": 2,
      "GrowthRate": 4,
      "HpDamage": 15,
      "LpDamage": 4,
      "NumberOfHits": 1,
      "Attributes": [ "Pierce" ]
    },
    {
      "EnglishName": "Cobra Smash",
      "JapaneseName": "コブラスマッシュ",
      "AttackType": "Strength",
      "WeaponType": "Spear",
      "EnCost": 2,
      "GrowthRate": 8,
      "HpDamage": 35,
      "LpDamage": 5,
      "NumberOfHits": 1,
      "Attributes": [ "Pierce" ]
    },
    {
      "EnglishName": "Lance Buster",
      "JapaneseName": "バスターランサー",
      "AttackType": "Strength",
      "WeaponType": "Spear",
      "EnCost": 2,
      "GrowthRate": 9,
      "HpDamage": 50,
      "LpDamage": 4,
      "NumberOfHits": 1,
      "Attributes": [ "Pierce" ]
    },
    { /* Bow */
      "EnglishName": "Quickshot",
      "JapaneseName": "早射ち",
      "AttackType": "Skill",
      "WeaponType": "Bow",
      "EnCost": 1,
      "GrowthRate": 4,
      "HpDamage": 20,
      "LpDamage": 4,
      "NumberOfHits": 1,
      "Attributes": [ "Pierce" ]
    },
    {
      "EnglishName": "Mach 5",
      "JapaneseName": "瞬速の矢",
      "AttackType": "Skill",
      "WeaponType": "Bow",
      "EnCost": 1,
      "GrowthRate": 7,
      "HpDamage": 30,
      "LpDamage": 6,
      "NumberOfHits": 1,
      "Attributes": [ "Pierce" ]
    },
    {
      "EnglishName": "Ink Shot",
      "JapaneseName": "イアスミアロー",
      "AttackType": "Skill",
      "WeaponType": "Bow",
      "EnCost": 1,
      "GrowthRate": 5,
      "HpDamage": 20,
      "LpDamage": 4,
      "NumberOfHits": 1,
      "Attributes": [ "Pierce" ]
    },
    {
      "EnglishName": "Shadow Arrow",
      "JapaneseName": "影矢",
      "AttackType": "Skill",
      "WeaponType": "Bow",
      "EnCost": 1,
      "GrowthRate": 6,
      "HpDamage": 25,
      "LpDamage": 6,
      "NumberOfHits": 2,
      "Attributes": [ "Pierce" ],
      "IsCommon": true
    },
    {
      "EnglishName": "Random Arrowshot",
      "JapaneseName": "でたらめ矢",
      "AttackType": "Skill",
      "WeaponType": "Bow",
      "EnCost": 2,
      "GrowthRate": 3,
      "HpDamage": 10,
      "LpDamage": 4,
      "NumberOfHits": 2,
      "Attributes": [ "Pierce" ],
      "IsCommon": true
    },
    {
      "EnglishName": "Arrow Rain",
      "JapaneseName": "アローレイン",
      "AttackType": "Skill",
      "WeaponType": "Bow",
      "EnCost": 2,
      "GrowthRate": 4,
      "HpDamage": 20,
      "LpDamage": 4,
      "NumberOfHits": 3,
      "Attributes": [ "Pierce" ],
      "IsCommon": true
    },
    {
      "EnglishName": "Parashots",
      "JapaneseName": "バラージシュート",
      "AttackType": "Skill",
      "WeaponType": "Bow",
      "EnCost": 2,
      "GrowthRate": 5,
      "HpDamage": 25,
      "LpDamage": 4,
      "NumberOfHits": 3,
      "Attributes": [ "Pierce" ],
      "IsCommon": true
    },
    {
      "EnglishName": "Double Shot",
      "JapaneseName": "二連射",
      "AttackType": "Skill",
      "WeaponType": "Bow",
      "EnCost": 1,
      "GrowthRate": 3,
      "HpDamage": 15,
      "LpDamage": 5,
      "NumberOfHits": 2,
      "Attributes": [ "Pierce" ],
      "IsCommon": true
    },
    {
      "EnglishName": "Triple Shot",
      "JapaneseName": "三連射",
      "AttackType": "Skill",
      "WeaponType": "Bow",
      "EnCost": 1,
      "GrowthRate": 3,
      "HpDamage": 20,
      "LpDamage": 5,
      "NumberOfHits": 3,
      "Attributes": [ "Pierce" ],
      "IsCommon": true
    },
    {
      "EnglishName": "Thousand Needles",
      "JapaneseName": "針千本",
      "AttackType": "Skill",
      "WeaponType": "Bow",
      "EnCost": 1,
      "GrowthRate": 5,
      "HpDamage": 20,
      "LpDamage": 5,
      "NumberOfHits": 5,
      "Attributes": [ "Pierce" ]
    },
    {
      "EnglishName": "Sniper Shot",
      "JapaneseName": "狙い射ち",
      "AttackType": "Skill",
      "WeaponType": "Bow",
      "EnCost": 1,
      "GrowthRate": 5,
      "HpDamage": 10,
      "LpDamage": 7,
      "NumberOfHits": 1,
      "Attributes": [ "Pierce" ]
    },
    {
      "EnglishName": "Sidewinder",
      "JapaneseName": "サイドワインダー",
      "AttackType": "Skill",
      "WeaponType": "Bow",
      "EnCost": 1,
      "GrowthRate": 5,
      "HpDamage": 15,
      "LpDamage": 7,
      "NumberOfHits": 1,
      "Attributes": [ "Pierce" ]
    },
    {
      "EnglishName": "Sparrow Shot",
      "JapaneseName": "スパローショット",
      "AttackType": "Skill",
      "WeaponType": "Bow",
      "EnCost": 1,
      "GrowthRate": 6,
      "HpDamage": 20,
      "LpDamage": 7,
      "NumberOfHits": 1,
      "Attributes": [ "Pierce" ]
    },
    {
      "EnglishName": "Phoenix Arrow",
      "JapaneseName": "フェニックスアロー",
      "AttackType": "Skill",
      "WeaponType": "Bow",
      "EnCost": 1,
      "GrowthRate": 8,
      "HpDamage": 30,
      "LpDamage": 7,
      "NumberOfHits": 1,
      "Attributes": [ "Pierce" ]
    },
    {
      "EnglishName": "Power Shot",
      "JapaneseName": "力矢",
      "AttackType": "Skill",
      "WeaponType": "Bow",
      "EnCost": 1,
      "GrowthRate": 5,
      "HpDamage": 15,
      "LpDamage": 6,
      "NumberOfHits": 1,
      "Attributes": [ "Pierce" ]
    },
    {
      "EnglishName": "Sticker",
      "JapaneseName": "貫きの矢",
      "AttackType": "Skill",
      "WeaponType": "Bow",
      "EnCost": 1,
      "GrowthRate": 6,
      "HpDamage": 15,
      "LpDamage": 6,
      "NumberOfHits": 1,
      "Attributes": [ "Pierce" ]
    },
    {
      "EnglishName": "Exorcist",
      "JapaneseName": "破魔の矢",
      "AttackType": "Skill",
      "WeaponType": "Bow",
      "EnCost": 1,
      "GrowthRate": 7,
      "HpDamage": 20,
      "LpDamage": 6,
      "NumberOfHits": 1,
      "Attributes": [ "Pierce", "Light" ]
    },
    {
      "EnglishName": "Zapper",
      "JapaneseName": "ザップショット",
      "AttackType": "Skill",
      "WeaponType": "Bow",
      "EnCost": 1,
      "GrowthRate": 8,
      "HpDamage": 20,
      "LpDamage": 7,
      "NumberOfHits": 1,
      "Attributes": [ "Pierce" ]
    },
    { /* Gun */
      "EnglishName": "Shoot (L2)",
      "JapaneseName": "射撃(弱)",
      "AttackType": "Skill",
      "WeaponType": "Gun",
      "EnCost": 1,
      "GrowthRate": 4,
      "HpDamage": 30,
      "LpDamage": 4,
      "NumberOfHits": 1,
      "Attributes": [ "Pierce" ],
      "IsCommon": true
    },
    {
      "EnglishName": "Shoot (L3)",
      "JapaneseName": "射撃(中)",
      "AttackType": "Skill",
      "WeaponType": "Gun",
      "EnCost": 1,
      "GrowthRate": 6,
      "HpDamage": 40,
      "LpDamage": 6,
      "NumberOfHits": 1,
      "Attributes": [ "Pierce" ],
      "IsCommon": true
    },
    {
      "EnglishName": "Shoot (L4)",
      "JapaneseName": "射撃(強)",
      "AttackType": "Skill",
      "WeaponType": "Gun",
      "EnCost": 1,
      "GrowthRate": 8,
      "HpDamage": 50,
      "LpDamage": 8,
      "NumberOfHits": 1,
      "Attributes": [ "Pierce" ],
      "IsCommon": true
    },
    {
      "EnglishName": "Fire Arrows",
      "JapaneseName": "",
      "AttackType": "Magic",
      "WeaponType": "Magic",
      "MagicType": "Fire",
      "EnCost": 1,
      "GrowthRate": 3,
      "HpDamage": 25,
      "LpDamage": 3,
      "NumberOfHits": 1,
      "Attributes": [ "Heat" ],
      "IsCommon": true
    },
    {
      "EnglishName": "Holy Seal",
      "JapaneseName": "",
      "AttackType": "Magic",
      "WeaponType": "Magic",
      "MagicType": "Fire",
      "EnCost": 1,
      "GrowthRate": 4,
      "HpDamage": 35,
      "LpDamage": 4,
      "NumberOfHits": 1,
      "Attributes": [ "Light" ],
      "IsCommon": true
    },
    {
      "EnglishName": "Corona",
      "JapaneseName": "",
      "AttackType": "Magic",
      "WeaponType": "Magic",
      "MagicType": "Fire",
      "EnCost": 1,
      "GrowthRate": 4,
      "HpDamage": 45,
      "LpDamage": 3,
      "NumberOfHits": 1,
      "Attributes": [ "Light" ]
    },
    {
      "EnglishName": "Moving Firewall",
      "JapaneseName": "",
      "AttackType": "Magic",
      "WeaponType": "Magic",
      "MagicType": "Fire",
      "EnCost": 1,
      "GrowthRate": 4,
      "HpDamage": 35,
      "LpDamage": 0,
      "NumberOfHits": 1,
      "Attributes": [ "Heat" ]
    },
    {
      "EnglishName": "Power Gust",
      "JapaneseName": "",
      "AttackType": "Magic",
      "WeaponType": "Magic",
      "MagicType": "Fire",
      "EnCost": 1,
      "GrowthRate": 6,
      "HpDamage": 50,
      "LpDamage": 4,
      "NumberOfHits": 1,
      "Attributes": [ "Heat" ]
    },
    {
      "EnglishName": "Crimson Flare",
      "JapaneseName": "",
      "AttackType": "Magic",
      "WeaponType": "Magic",
      "MagicType": "Fire",
      "EnCost": 1,
      "GrowthRate": 8,
      "HpDamage": 65,
      "LpDamage": 6,
      "NumberOfHits": 1,
      "Attributes": [ "Heat", "Light" ]
    },
    {
      "EnglishName": "Boulder",
      "JapaneseName": "",
      "AttackType": "Magic",
      "WeaponType": "Magic",
      "MagicType": "Earth",
      "EnCost": 1,
      "GrowthRate": 2,
      "HpDamage": 30,
      "LpDamage": 3,
      "NumberOfHits": 1,
      "Attributes": [ "Hit" ],
      "IsCommon": true
    },
    {
      "EnglishName": "Stone Rain",
      "JapaneseName": "",
      "AttackType": "Magic",
      "WeaponType": "Magic",
      "MagicType": "Earth",
      "EnCost": 1,
      "GrowthRate": 4,
      "HpDamage": 55,
      "LpDamage": 6,
      "NumberOfHits": 3,
      "Attributes": [ "Hit" ]
    },
    {
      "EnglishName": "Shock",
      "JapaneseName": "",
      "AttackType": "Magic",
      "WeaponType": "Magic",
      "MagicType": "Metal",
      "EnCost": 1,
      "GrowthRate": 2,
      "HpDamage": 20,
      "LpDamage": 1,
      "NumberOfHits": 1,
      "Attributes": [ "Lightning" ]
    },
    {
      "EnglishName": "Supersonic",
      "JapaneseName": "",
      "AttackType": "Magic",
      "WeaponType": "Magic",
      "MagicType": "Metal",
      "EnCost": 1,
      "GrowthRate": 4,
      "HpDamage": 30,
      "LpDamage": 1,
      "NumberOfHits": 1,
      "Attributes": [ "Light" ]
    },
    {
      "EnglishName": "Siren",
      "JapaneseName": "",
      "AttackType": "Magic",
      "WeaponType": "Magic",
      "MagicType": "Metal",
      "EnCost": 1,
      "GrowthRate": 6,
      "HpDamage": 60,
      "LpDamage": 1,
      "NumberOfHits": 1,
      "Attributes": [ "Light" ]
    },
    {
      "EnglishName": "Bubble Blow",
      "JapaneseName": "",
      "AttackType": "Magic",
      "WeaponType": "Magic",
      "MagicType": "Water",
      "EnCost": 1,
      "GrowthRate": 3,
      "HpDamage": 30,
      "LpDamage": 1,
      "NumberOfHits": 1,
      "Attributes": [ "Hit" ]
    },
    {
      "EnglishName": "Ice Needle",
      "JapaneseName": "",
      "AttackType": "Magic",
      "WeaponType": "Magic",
      "MagicType": "Water",
      "EnCost": 1,
      "GrowthRate": 4,
      "HpDamage": 35,
      "LpDamage": 4,
      "NumberOfHits": 1,
      "Attributes": [ "Hit", "Cold" ]
    },
    {
      "EnglishName": "Thunderclap",
      "JapaneseName": "",
      "AttackType": "Magic",
      "WeaponType": "Magic",
      "MagicType": "Water",
      "EnCost": 1,
      "GrowthRate": 6,
      "HpDamage": 25,
      "LpDamage": 3,
      "NumberOfHits": 2,
      "Attributes": [ "Lightning" ]
    },
    {
      "EnglishName": "Thunderbringer",
      "JapaneseName": "",
      "AttackType": "Magic",
      "WeaponType": "Magic",
      "MagicType": "Wood",
      "EnCost": 1,
      "GrowthRate": 5,
      "HpDamage": 50,
      "LpDamage": 4,
      "NumberOfHits": 1,
      "Attributes": [ "Lightning" ],
      "IsCommon": true
    },
    {
      "EnglishName": "Holy Thunder",
      "JapaneseName": "",
      "AttackType": "Magic",
      "WeaponType": "Magic",
      "MagicType": "Wood",
      "EnCost": 1,
      "GrowthRate": 7,
      "HpDamage": 70,
      "LpDamage": 5,
      "NumberOfHits": 1,
      "Attributes": [ "Lightning" ]
    }
  ]
}