﻿{
  "Characters": [
    {
      "EnglishName": "Laura",
      "JapaneseName": "ローラ",
      "Hp": 125,
      "Lp": 15,
      "Strength": 4,
      "Skill": 1,
      "Magic": 2,
      "Endurance": 3,
      "Spirit": 4,
      "Fire": 4,
      "Earth": 2,
      "Metal": 2,
      "Water": 1,
      "Wood": 1,
      "Weight": 56,
      "PrioritizeLine": false,
      "LinePriorities": [ 3, 1, 2 ],
      "JointPriorities": [ 4, 5, 6, 1, 2, 3 ],
      "NWPanel": "Defuse",
      "NWLevel": 1,
      "NEPanel": "",
      "NELevel": 0,
      "WPanel": "",
      "WLevel": 0,
      "CPanel": "Dagger",
      "CLevel": 3,
      "EPanel": "Aura",
      "ELevel": 1,
      "SWPanel": "Locksmith",
      "SWLevel": 1,
      "SEPanel": "Eavesdrop",
      "SELevel": 1,
      "FirstElement": "Earth",
      "SecondElement": "Metal",
      "ThirdElement": "Water",
      "FourthElement": "Wood",
      "FifthElement": "Fire",
      "WeaponOneMaterial": "",
      "WeaponTwoMaterial": "Fang (A)",
      "AccessoryOneMaterial": "Carnelian",
      "AccessoryTwoMaterial": "Scale",
      "HeadMaterial": "",
      "ChestMaterial": "Fur",
      "LegsMaterial": "Snake Skin",
      "WeaponOneType": "",
      "WeaponTwoType": "Dagger"
    },
    {
      "EnglishName": "Ventus",
      "JapaneseName": "ヴェント",
      "Hp": 65,
      "Lp": 16,
      "Strength": 3,
      "Skill": 2,
      "Magic": 3,
      "Endurance": 5,
      "Spirit": 4,
      "Fire": 3,
      "Earth": 4,
      "Metal": 1,
      "Water": 1,
      "Wood": 1,
      "Weight": 52,
      "PrioritizeLine": true,
      "LinePriorities": [ 2, 3, 1 ],
      "JointPriorities": [ 2, 1, 6, 5, 4, 3 ],
      "NWPanel": "Spear",
      "NWLevel": 1,
      "NEPanel": "Obstacle Crossing",
      "NELevel": 1,
      "WPanel": "",
      "WLevel": 0,
      "CPanel": "Toughness",
      "CLevel": 1,
      "EPanel": "",
      "ELevel": 0,
      "SWPanel": "Road Guide",
      "SWLevel": 1,
      "SEPanel": "",
      "SELevel": 0,
      "FirstElement": "Wood",
      "SecondElement": "Fire",
      "ThirdElement": "Earth",
      "FourthElement": "Metal",
      "FifthElement": "Water",
      "WeaponOneMaterial": "Marcasite",
      "WeaponTwoMaterial": "Fang (A)",
      "AccessoryOneMaterial": "Ravenite",
      "AccessoryTwoMaterial": "Bone (A)",
      "HeadMaterial": "Cotton",
      "ChestMaterial": "Silk",
      "LegsMaterial": "Cotton",
      "WeaponOneType": "Spear",
      "WeaponTwoType": "Dagger"
    },
    {
      "EnglishName": "Judy",
      "JapaneseName": "ジュディ",
      "Hp": 48,
      "Lp": 10,
      "Strength": 1,
      "Skill": 5,
      "Magic": 5,
      "Endurance": 5,
      "Spirit": 2,
      "Fire": 3,
      "Earth": 3,
      "Metal": 1,
      "Water": 2,
      "Wood": 3,
      "Weight": 18,
      "PrioritizeLine": true,
      "LinePriorities": [ 1, 2, 3 ],
      "JointPriorities": [ 1, 2, 3, 4, 5, 6 ],
      "NWPanel": "Magic Tablet",
      "NWLevel": 2,
      "NEPanel": "",
      "NELevel": 0,
      "WPanel": "",
      "WLevel": 0,
      "CPanel": "Judy Familiar",
      "CLevel": 1,
      "EPanel": "Judy Familiar",
      "ELevel": 1,
      "SWPanel": "Judy Familiar",
      "SWLevel": 1,
      "SEPanel": "",
      "SELevel": 0,
      "FirstElement": "Metal",
      "SecondElement": "Water",
      "ThirdElement": "Wood",
      "FourthElement": "Fire",
      "FifthElement": "Earth",
      "WeaponOneMaterial": "Carnelian",
      "WeaponTwoMaterial": "Silver",
      "AccessoryOneMaterial": "Ravenite",
      "AccessoryTwoMaterial": "Feather",
      "HeadMaterial": "Cotton",
      "ChestMaterial": "Silk",
      "LegsMaterial": "Cotton",
      "WeaponOneType": "Staff",
      "WeaponTwoType": "Shield"
    },
    {
      "EnglishName": "Kurt",
      "JapaneseName": "キャッシュ",
      "Hp": 190,
      "Lp": 17,
      "Strength": 2,
      "Skill": 2,
      "Magic": 3,
      "Endurance": 3,
      "Spirit": 2,
      "Fire": 3,
      "Earth": 1,
      "Metal": 1,
      "Water": 3,
      "Wood": 2,
      "Weight": 75,
      "PrioritizeLine": false,
      "LinePriorities": [ 1, 2, 3 ],
      "JointPriorities": [ 4, 3, 2, 1, 6, 5 ],
      "NWPanel": "Punch",
      "NWLevel": 1,
      "NEPanel": "",
      "NELevel": 0,
      "WPanel": "Sword",
      "WLevel": 2,
      "CPanel": "Gauntlet",
      "CLevel": 1,
      "EPanel": "Inconspicuous",
      "ELevel": 2,
      "SWPanel": "Road Guide",
      "SWLevel": 1,
      "SEPanel": "Defuse",
      "SELevel": 1,
      "FirstElement": "Metal",
      "SecondElement": "Water",
      "ThirdElement": "Wood",
      "FourthElement": "Fire",
      "FifthElement": "Earth",
      "WeaponOneMaterial": "Copper",
      "WeaponTwoMaterial": "",
      "AccessoryOneMaterial": "",
      "AccessoryTwoMaterial": "",
      "HeadMaterial": "",
      "ChestMaterial": "Silk",
      "LegsMaterial": "Snake Skin",
      "WeaponOneType": "Sword",
      "WeaponTwoType": ""
    },
    {
      "EnglishName": "Ruby",
      "JapaneseName": "ルビィ",
      "Hp": 70,
      "Lp": 18,
      "Strength": 3,
      "Skill": 1,
      "Magic": 4,
      "Endurance": 4,
      "Spirit": 4,
      "Fire": 4,
      "Earth": 1,
      "Metal": 1,
      "Water": 2,
      "Wood": 2,
      "Weight": 45,
      "PrioritizeLine": false,
      "LinePriorities": [ 1, 2, 3 ],
      "JointPriorities": [ 5, 4, 3, 2, 1, 6 ],
      "NWPanel": "Recovery",
      "NWLevel": 1,
      "NEPanel": "Kick",
      "NELevel": 1,
      "WPanel": "Fashion",
      "WLevel": 1,
      "CPanel": "Fortuneteller",
      "CLevel": 1,
      "EPanel": "",
      "ELevel": 0,
      "SWPanel": "",
      "SWLevel": 0,
      "SEPanel": "",
      "SELevel": 0,
      "FirstElement": "Metal",
      "SecondElement": "Water",
      "ThirdElement": "Wood",
      "FourthElement": "Fire",
      "FifthElement": "Earth",
      "WeaponOneMaterial": "",
      "WeaponTwoMaterial": "Fang (A)",
      "AccessoryOneMaterial": "Serpentine",
      "AccessoryTwoMaterial": "Corundum (A)",
      "HeadMaterial": "Cotton",
      "ChestMaterial": "Silk",
      "LegsMaterial": "",
      "WeaponOneType": "",
      "WeaponTwoType": "Dagger"
    },
    {
      "EnglishName": "Mythe",
      "JapaneseName": "マイス",
      "Hp": 90,
      "Lp": 13,
      "Strength": 2,
      "Skill": 3,
      "Magic": 3,
      "Endurance": 1,
      "Spirit": 4,
      "Fire": 3,
      "Earth": 1,
      "Metal": 1,
      "Water": 4,
      "Wood": 1,
      "Weight": 60,
      "PrioritizeLine": true,
      "LinePriorities": [ 1, 2, 3 ],
      "JointPriorities": [ 5, 4, 3, 2, 1, 6 ],
      "NWPanel": "Weaponsmith",
      "NWLevel": 1,
      "NEPanel": "",
      "NELevel": 0,
      "WPanel": "",
      "WLevel": 0,
      "CPanel": "Maharaja",
      "CLevel": 1,
      "EPanel": "Accessory Smith",
      "ELevel": 1,
      "SWPanel": "Gun",
      "SWLevel": 1,
      "SEPanel": "",
      "SELevel": 0,
      "FirstElement": "Water",
      "SecondElement": "Wood",
      "ThirdElement": "Fire",
      "FourthElement": "Earth",
      "FifthElement": "Metal",
      "WeaponOneMaterial": "Iron",
      "WeaponTwoMaterial": "Iron",
      "AccessoryOneMaterial": "Meteorite",
      "AccessoryTwoMaterial": "Fang (A)",
      "HeadMaterial": "",
      "ChestMaterial": "Silk",
      "LegsMaterial": "Fur",
      "WeaponOneType": "Gun",
      "WeaponTwoType": "Gun"
    },
    {
      "EnglishName": "Armic",
      "JapaneseName": "アーミック",
      "Hp": 90,
      "Lp": 14,
      "Strength": 3,
      "Skill": 2,
      "Magic": 2,
      "Endurance": 5,
      "Spirit": 2,
      "Fire": 0,
      "Earth": 1,
      "Metal": 3,
      "Water": 4,
      "Wood": 2,
      "Weight": 22,
      "PrioritizeLine": true,
      "LinePriorities": [ 1, 2, 3 ],
      "JointPriorities": [ 6, 5, 4, 3, 2, 1 ],
      "NWPanel": "Road Guide",
      "NWLevel": 1,
      "NEPanel": "Bow",
      "NELevel": 1,
      "WPanel": "",
      "WLevel": 0,
      "CPanel": "Swimming",
      "CLevel": 3,
      "EPanel": "",
      "ELevel": 0,
      "SWPanel": "",
      "SWLevel": 0,
      "SEPanel": "Obstacle Crossing",
      "SELevel": 1,
      "FirstElement": "Wood",
      "SecondElement": "Fire",
      "ThirdElement": "Earth",
      "FourthElement": "Metal",
      "FifthElement": "Water",
      "WeaponOneMaterial": "Silver",
      "WeaponTwoMaterial": "Copse",
      "AccessoryOneMaterial": "",
      "AccessoryTwoMaterial": "",
      "HeadMaterial": "Cotton",
      "ChestMaterial": "Silk",
      "LegsMaterial": "Cotton",
      "WeaponOneType": "Sword",
      "WeaponTwoType": "Bow"
    },
    {
      "EnglishName": "Henri",
      "JapaneseName": "アンリ",
      "Hp": 52,
      "Lp": 12,
      "Strength": 3,
      "Skill": 4,
      "Magic": 4,
      "Endurance": 2,
      "Spirit": 3,
      "Fire": 2,
      "Earth": 3,
      "Metal": 1,
      "Water": 1,
      "Wood": 3,
      "Weight": 34,
      "PrioritizeLine": true,
      "LinePriorities": [ 2, 3, 1 ],
      "JointPriorities": [ 2, 3, 4, 5, 6, 1 ],
      "NWPanel": "Diplomacy",
      "NWLevel": 1,
      "NEPanel": "",
      "NELevel": 0,
      "WPanel": "",
      "WLevel": 0,
      "CPanel": "",
      "CLevel": 0,
      "EPanel": "",
      "ELevel": 0,
      "SWPanel": "",
      "SWLevel": 0,
      "SEPanel": "Maharaja",
      "SELevel": 1,
      "FirstElement": "Wood",
      "SecondElement": "Fire",
      "ThirdElement": "Earth",
      "FourthElement": "Metal",
      "FifthElement": "Water",
      "WeaponOneMaterial": "Altemana",
      "WeaponTwoMaterial": "Fur",
      "AccessoryOneMaterial": "Oak",
      "AccessoryTwoMaterial": "Ash",
      "HeadMaterial": "",
      "ChestMaterial": "Silk",
      "LegsMaterial": "Fur",
      "WeaponOneType": "Dagger",
      "WeaponTwoType": "Shield"
    },
    {
      "EnglishName": "Francis",
      "JapaneseName": "フランシス",
      "Hp": 164,
      "Lp": 19,
      "Strength": 4,
      "Skill": 4,
      "Magic": 1,
      "Endurance": 4,
      "Spirit": 5,
      "Fire": 2,
      "Earth": 2,
      "Metal": 2,
      "Water": 1,
      "Wood": 3,
      "Weight": 85,
      "PrioritizeLine": false,
      "LinePriorities": [ 3, 1, 2 ],
      "JointPriorities": [ 3, 4, 5, 6, 1, 2 ],
      "NWPanel": "Sword",
      "NWLevel": 2,
      "NEPanel": "",
      "NELevel": 0,
      "WPanel": "Spear",
      "WLevel": 1,
      "CPanel": "Bow",
      "CLevel": 2,
      "EPanel": "Shield",
      "ELevel": 2,
      "SWPanel": "Swimming",
      "SWLevel": 1,
      "SEPanel": "Eavesdrop",
      "SELevel": 1,
      "FirstElement": "Fire",
      "SecondElement": "Earth",
      "ThirdElement": "Metal",
      "FourthElement": "Water",
      "FifthElement": "Wood",
      "WeaponOneMaterial": "Marcasite",
      "WeaponTwoMaterial": "Copper",
      "AccessoryOneMaterial": "",
      "AccessoryTwoMaterial": "",
      "HeadMaterial": "",
      "ChestMaterial": "Fur",
      "LegsMaterial": "Cedar",
      "WeaponOneType": "Spear",
      "WeaponTwoType": "Sword"
    },
    {
      "EnglishName": "Josef",
      "JapaneseName": "ジョーゼフ",
      "Hp": 480,
      "Lp": 7,
      "Strength": 1,
      "Skill": 4,
      "Magic": 4,
      "Endurance": 3,
      "Spirit": 3,
      "Fire": 3,
      "Earth": 3,
      "Metal": 2,
      "Water": 1,
      "Wood": 1,
      "Weight": 31,
      "PrioritizeLine": false,
      "LinePriorities": [ 2, 3, 1 ],
      "JointPriorities": [ 6, 1, 2, 3, 4, 5 ],
      "NWPanel": "Magic Tablet",
      "NWLevel": 4,
      "NEPanel": "Arcane Tongue",
      "NELevel": 3,
      "WPanel": "Iron Will",
      "WLevel": 2,
      "CPanel": "Master Magician",
      "CLevel": 1,
      "EPanel": "Magic Tablet",
      "ELevel": 3,
      "SWPanel": "Magic Tablet",
      "SWLevel": 2,
      "SEPanel": "Staff",
      "SELevel": 1,
      "FirstElement": "Water",
      "SecondElement": "Wood",
      "ThirdElement": "Fire",
      "FourthElement": "Earth",
      "FifthElement": "Metal",
      "WeaponOneMaterial": "Carnelian",
      "WeaponTwoMaterial": "",
      "AccessoryOneMaterial": "Opal",
      "AccessoryTwoMaterial": "Ravenite",
      "HeadMaterial": "",
      "ChestMaterial": "Topaz",
      "LegsMaterial": "Cotton",
      "WeaponOneType": "Staff",
      "WeaponTwoType": ""
    },
    {
      "EnglishName": "Thomas",
      "JapaneseName": "トマス",
      "Hp": 325,
      "Lp": 19,
      "Strength": 4,
      "Skill": 4,
      "Magic": 1,
      "Endurance": 1,
      "Spirit": 2,
      "Fire": 4,
      "Earth": 2,
      "Metal": 1,
      "Water": 2,
      "Wood": 1,
      "Weight": 78,
      "PrioritizeLine": true,
      "LinePriorities": [ 1, 2, 3 ],
      "JointPriorities": [ 6, 1, 2, 3, 4, 5 ],
      "NWPanel": "Axe",
      "NWLevel": 2,
      "NEPanel": "Throw",
      "NELevel": 2,
      "WPanel": "",
      "WLevel": 0,
      "CPanel": "Adaptability",
      "CLevel": 1,
      "EPanel": "Diplomacy",
      "ELevel": 1,
      "SWPanel": "Gun",
      "SWLevel": 1,
      "SEPanel": "Toughness",
      "SELevel": 1,
      "FirstElement": "Metal",
      "SecondElement": "Water",
      "ThirdElement": "Wood",
      "FourthElement": "Fire",
      "FifthElement": "Earth",
      "WeaponOneMaterial": "Iron",
      "WeaponTwoMaterial": "Iron",
      "AccessoryOneMaterial": "",
      "AccessoryTwoMaterial": "",
      "HeadMaterial": "",
      "ChestMaterial": "Fur",
      "LegsMaterial": "",
      "WeaponOneType": "Gun",
      "WeaponTwoType": "Axe"
    },
    {
      "EnglishName": "Rebecca",
      "JapaneseName": "レベッカ",
      "Hp": 410,
      "Lp": 11,
      "Strength": 4,
      "Skill": 2,
      "Magic": 5,
      "Endurance": 3,
      "Spirit": 1,
      "Fire": 3,
      "Earth": 1,
      "Metal": 1,
      "Water": 1,
      "Wood": 4,
      "Weight": 47,
      "PrioritizeLine": true,
      "LinePriorities": [ 3, 1, 2 ],
      "JointPriorities": [ 1, 2, 3, 4, 5, 6 ],
      "NWPanel": "Dagger",
      "NWLevel": 3,
      "NEPanel": "Monger",
      "NELevel": 2,
      "WPanel": "Iron Will",
      "WLevel": 2,
      "CPanel": "Familiar",
      "CLevel": 4,
      "EPanel": "Natural",
      "ELevel": 1,
      "SWPanel": "Familiar",
      "SWLevel": 4,
      "SEPanel": "",
      "SELevel": 0,
      "FirstElement": "Earth",
      "SecondElement": "Metal",
      "ThirdElement": "Water",
      "FourthElement": "Wood",
      "FifthElement": "Fire",
      "WeaponOneMaterial": "Carnelian",
      "WeaponTwoMaterial": "Silver",
      "AccessoryOneMaterial": "Ravenite",
      "AccessoryTwoMaterial": "Feather",
      "HeadMaterial": "Cotton",
      "ChestMaterial": "Silk",
      "LegsMaterial": "Fur",
      "WeaponOneType": "Staff",
      "WeaponTwoType": "Shield"
    },
    {
      "EnglishName": "Marie",
      "JapaneseName": "マリー",
      "Hp": 220,
      "Lp": 8,
      "Strength": 2,
      "Skill": 5,
      "Magic": 5,
      "Endurance": 2,
      "Spirit": 3,
      "Fire": 3,
      "Earth": 1,
      "Metal": 3,
      "Water": 1,
      "Wood": 2,
      "Weight": 42,
      "PrioritizeLine": false,
      "LinePriorities": [ 2, 3, 1 ],
      "JointPriorities": [ 2, 3, 4, 5, 6, 1 ],
      "NWPanel": "Familiar",
      "NWLevel": 2,
      "NEPanel": "",
      "NELevel": 0,
      "WPanel": "",
      "WLevel": 0,
      "CPanel": "Natural",
      "CLevel": 2,
      "EPanel": "Magic Tablet",
      "ELevel": 2,
      "SWPanel": "Monger",
      "SWLevel": 2,
      "SEPanel": "Staff",
      "SELevel": 1,
      "FirstElement": "Wood",
      "SecondElement": "Fire",
      "ThirdElement": "Earth",
      "FourthElement": "Metal",
      "FifthElement": "Water",
      "WeaponOneMaterial": "Carnelian",
      "WeaponTwoMaterial": "",
      "AccessoryOneMaterial": "Ravenite",
      "AccessoryTwoMaterial": "Feather",
      "HeadMaterial": "",
      "ChestMaterial": "Silk",
      "LegsMaterial": "",
      "WeaponOneType": "Staff",
      "WeaponTwoType": ""
    },
    {
      "EnglishName": "Roy",
      "JapaneseName": "ロイ",
      "Hp": 180,
      "Lp": 20,
      "Strength": 2,
      "Skill": 3,
      "Magic": 3,
      "Endurance": 2,
      "Spirit": 5,
      "Fire": 3,
      "Earth": 1,
      "Metal": 2,
      "Water": 2,
      "Wood": 2,
      "Weight": 0,
      "PrioritizeLine": false,
      "LinePriorities": [ 3, 1, 2 ],
      "JointPriorities": [ 4, 3, 2, 1, 6, 5 ],
      "NWPanel": "Eavesdrop",
      "NWLevel": 1,
      "NEPanel": "Locksmith",
      "NELevel": 1,
      "WPanel": "Iron Body",
      "WLevel": 3,
      "CPanel": "Iron Body",
      "CLevel": 2,
      "EPanel": "Iron Body",
      "ELevel": 1,
      "SWPanel": "",
      "SWLevel": 0,
      "SEPanel": "",
      "SELevel": 0,
      "FirstElement": "Earth",
      "SecondElement": "Metal",
      "ThirdElement": "Water",
      "FourthElement": "Wood",
      "FifthElement": "Fire",
      "WeaponOneMaterial": "",
      "WeaponTwoMaterial": "",
      "AccessoryOneMaterial": "Opal",
      "AccessoryTwoMaterial": "",
      "HeadMaterial": "",
      "ChestMaterial": "Fur",
      "LegsMaterial": "Fur",
      "WeaponOneType": "",
      "WeaponTwoType": ""
    },
    {
      "EnglishName": "Sapphire",
      "JapaneseName": "サファイア",
      "Hp": 164,
      "Lp": 10,
      "Strength": 2,
      "Skill": 4,
      "Magic": 4,
      "Endurance": 5,
      "Spirit": 4,
      "Fire": 4,
      "Earth": 1,
      "Metal": 2,
      "Water": 1,
      "Wood": 2,
      "Weight": 41,
      "PrioritizeLine": false,
      "LinePriorities": [ 3, 1, 2 ],
      "JointPriorities": [ 6, 1, 2, 3, 4, 5 ],
      "NWPanel": "",
      "NWLevel": 0,
      "NEPanel": "Artiste",
      "NELevel": 1,
      "WPanel": "Fashion",
      "WLevel": 1,
      "CPanel": "Fortuneteller",
      "CLevel": 4,
      "EPanel": "",
      "ELevel": 0,
      "SWPanel": "Natural",
      "SWLevel": 1,
      "SEPanel": "",
      "SELevel": 0,
      "FirstElement": "Water",
      "SecondElement": "Wood",
      "ThirdElement": "Fire",
      "FourthElement": "Earth",
      "FifthElement": "Metal",
      "WeaponOneMaterial": "Cedar",
      "WeaponTwoMaterial": "",
      "AccessoryOneMaterial": "Serpentine",
      "AccessoryTwoMaterial": "Corundum (B)",
      "HeadMaterial": "",
      "ChestMaterial": "Silk",
      "LegsMaterial": "Cotton",
      "WeaponOneType": "Staff",
      "WeaponTwoType": ""
    },
    {
      "EnglishName": "Hiro",
      "JapaneseName": "ヒロユキ",
      "Hp": 146,
      "Lp": 14,
      "Strength": 4,
      "Skill": 3,
      "Magic": 1,
      "Endurance": 4,
      "Spirit": 3,
      "Fire": 2,
      "Earth": 3,
      "Metal": 1,
      "Water": 3,
      "Wood": 1,
      "Weight": 45,
      "PrioritizeLine": true,
      "LinePriorities": [ 3, 1, 2 ],
      "JointPriorities": [ 6, 1, 2, 3, 4, 5 ],
      "NWPanel": "Aura",
      "NWLevel": 1,
      "NEPanel": "",
      "NELevel": 0,
      "WPanel": "Road Guide",
      "WLevel": 1,
      "CPanel": "Inconspicuous",
      "CLevel": 1,
      "EPanel": "Bow",
      "ELevel": 1,
      "SWPanel": "",
      "SWLevel": 0,
      "SEPanel": "Diplomacy",
      "SELevel": 1,
      "FirstElement": "Water",
      "SecondElement": "Wood",
      "ThirdElement": "Fire",
      "FourthElement": "Earth",
      "FifthElement": "Metal",
      "WeaponOneMaterial": "Copse",
      "WeaponTwoMaterial": "Lead",
      "AccessoryOneMaterial": "",
      "AccessoryTwoMaterial": "",
      "HeadMaterial": "Cotton",
      "ChestMaterial": "Cotton",
      "LegsMaterial": "Cotton",
      "WeaponOneType": "Staff",
      "WeaponTwoType": "Shield"
    },
    {
      "EnglishName": "Iskandar",
      "JapaneseName": "イスカンダール",
      "Hp": 320,
      "Lp": 17,
      "Strength": 4,
      "Skill": 4,
      "Magic": 3,
      "Endurance": 3,
      "Spirit": 3,
      "Fire": 3,
      "Earth": 2,
      "Metal": 1,
      "Water": 3,
      "Wood": 1,
      "Weight": 85,
      "PrioritizeLine": false,
      "LinePriorities": [ 1, 2, 3 ],
      "JointPriorities": [ 5, 6, 1, 2, 3, 4 ],
      "NWPanel": "Iron Will",
      "NWLevel": 1,
      "NEPanel": "Road Guide",
      "NELevel": 1,
      "WPanel": "",
      "WLevel": 0,
      "CPanel": "Weapon Meister",
      "CLevel": 4,
      "EPanel": "Arcane Tongue",
      "ELevel": 1,
      "SWPanel": "Aura",
      "SWLevel": 1,
      "SEPanel": "Shield",
      "SELevel": 2,
      "FirstElement": "Earth",
      "SecondElement": "Metal",
      "ThirdElement": "Water",
      "FourthElement": "Wood",
      "FifthElement": "Fire",
      "WeaponOneMaterial": "Lazuli",
      "WeaponTwoMaterial": "Copse",
      "AccessoryOneMaterial": "",
      "AccessoryTwoMaterial": "",
      "HeadMaterial": "",
      "ChestMaterial": "Fur",
      "LegsMaterial": "Fur",
      "WeaponOneType": "Sword",
      "WeaponTwoType": "Shield"
    },
    {
      "EnglishName": "Silver Girl",
      "JapaneseName": "銀の少女",
      "Hp": 248,
      "Lp": 15,
      "Strength": 3,
      "Skill": 1,
      "Magic": 5,
      "Endurance": 1,
      "Spirit": 5,
      "Fire": 2,
      "Earth": 2,
      "Metal": 2,
      "Water": 2,
      "Wood": 2,
      "Weight": 30,
      "PrioritizeLine": true,
      "LinePriorities": [ 2, 3, 1 ],
      "JointPriorities": [ 2, 3, 4, 5, 6, 1 ],
      "NWPanel": "Aura",
      "NWLevel": 2,
      "NEPanel": "",
      "NELevel": 0,
      "WPanel": "Arcane Tongue",
      "WLevel": 4,
      "CPanel": "Eavesdrop",
      "CLevel": 2,
      "EPanel": "Inconspicuous",
      "ELevel": 1,
      "SWPanel": "Road Guide",
      "SWLevel": 1,
      "SEPanel": "Cave Guide",
      "SELevel": 1,
      "FirstElement": "Fire",
      "SecondElement": "Earth",
      "ThirdElement": "Metal",
      "FourthElement": "Water",
      "FifthElement": "Wood",
      "WeaponOneMaterial": "",
      "WeaponTwoMaterial": "",
      "AccessoryOneMaterial": "",
      "AccessoryTwoMaterial": "",
      "HeadMaterial": "",
      "ChestMaterial": "Silk",
      "LegsMaterial": "",
      "WeaponOneType": "",
      "WeaponTwoType": ""
    },
    {
      "EnglishName": "Musol Yanii",
      "JapaneseName": "ムゾル・ヤニー",
      "Hp": 266,
      "Lp": 14,
      "Strength": 5,
      "Skill": 1,
      "Magic": 3,
      "Endurance": 2,
      "Spirit": 5,
      "Fire": 1,
      "Earth": 3,
      "Metal": 4,
      "Water": 2,
      "Wood": 0,
      "Weight": 110,
      "PrioritizeLine": true,
      "LinePriorities": [ 3, 1, 2 ],
      "JointPriorities": [ 3, 4, 5, 6, 1, 2 ],
      "NWPanel": "",
      "NWLevel": 0,
      "NEPanel": "Axe",
      "NELevel": 2,
      "WPanel": "Kick",
      "WLevel": 2,
      "CPanel": "Punch",
      "CLevel": 2,
      "EPanel": "",
      "ELevel": 0,
      "SWPanel": "",
      "SWLevel": 0,
      "SEPanel": "Aura",
      "SELevel": 1,
      "FirstElement": "Water",
      "SecondElement": "Wood",
      "ThirdElement": "Fire",
      "FourthElement": "Earth",
      "FifthElement": "Metal",
      "WeaponOneMaterial": "Serpentine",
      "WeaponTwoMaterial": "",
      "AccessoryOneMaterial": "",
      "AccessoryTwoMaterial": "",
      "HeadMaterial": "",
      "ChestMaterial": "Croc Skin",
      "LegsMaterial": "",
      "WeaponOneType": "Axe",
      "WeaponTwoType": ""
    },
    {
      "EnglishName": "Anzan",
      "JapaneseName": "アンザン",
      "Hp": 314,
      "Lp": 22,
      "Strength": 2,
      "Skill": 1,
      "Magic": 2,
      "Endurance": 4,
      "Spirit": 5,
      "Fire": 3,
      "Earth": 4,
      "Metal": 2,
      "Water": 0,
      "Wood": 1,
      "Weight": 150,
      "PrioritizeLine": false,
      "LinePriorities": [ 2, 3, 1 ],
      "JointPriorities": [ 5, 6, 1, 2, 3, 4 ],
      "NWPanel": "",
      "NWLevel": 0,
      "NEPanel": "",
      "NELevel": 0,
      "WPanel": "Shield",
      "WLevel": 2,
      "CPanel": "Cave Guide",
      "CLevel": 2,
      "EPanel": "Arcane Tongue",
      "ELevel": 1,
      "SWPanel": "Inconspicuous",
      "SWLevel": 1,
      "SEPanel": "",
      "SELevel": 0,
      "FirstElement": "Fire",
      "SecondElement": "Earth",
      "ThirdElement": "Metal",
      "FourthElement": "Water",
      "FifthElement": "Wood",
      "WeaponOneMaterial": "",
      "WeaponTwoMaterial": "",
      "AccessoryOneMaterial": "Topaz",
      "AccessoryTwoMaterial": "",
      "HeadMaterial": "",
      "ChestMaterial": "",
      "LegsMaterial": "",
      "WeaponOneType": "",
      "WeaponTwoType": ""
    },
    {
      "EnglishName": "Platyphyllum",
      "JapaneseName": "プラティフィラム",
      "Hp": 188,
      "Lp": 20,
      "Strength": 3,
      "Skill": 3,
      "Magic": 2,
      "Endurance": 3,
      "Spirit": 2,
      "Fire": 2,
      "Earth": 0,
      "Metal": 1,
      "Water": 3,
      "Wood": 4,
      "Weight": 40,
      "PrioritizeLine": false,
      "LinePriorities": [ 1, 2, 3 ],
      "JointPriorities": [ 1, 2, 4, 4, 5, 6 ],
      "NWPanel": "Familiar",
      "NWLevel": 1,
      "NEPanel": "",
      "NELevel": 0,
      "WPanel": "",
      "WLevel": 0,
      "CPanel": "Road Guide",
      "CLevel": 4,
      "EPanel": "",
      "ELevel": 0,
      "SWPanel": "Arcane Tongue",
      "SWLevel": 1,
      "SEPanel": "Obstacle Crossing",
      "SELevel": 1,
      "FirstElement": "Metal",
      "SecondElement": "Water",
      "ThirdElement": "Wood",
      "FourthElement": "Fire",
      "FifthElement": "Earth",
      "WeaponOneMaterial": "",
      "WeaponTwoMaterial": "",
      "AccessoryOneMaterial": "Lazuli",
      "AccessoryTwoMaterial": "",
      "HeadMaterial": "",
      "ChestMaterial": "",
      "LegsMaterial": "",
      "WeaponOneType": "",
      "WeaponTwoType": ""
    },
    {
      "EnglishName": "Tiffon",
      "JapaneseName": "ティフォン",
      "Hp": 180,
      "Lp": 13,
      "Strength": 1,
      "Skill": 3,
      "Magic": 3,
      "Endurance": 1,
      "Spirit": 2,
      "Fire": 3,
      "Earth": 2,
      "Metal": 2,
      "Water": 2,
      "Wood": 1,
      "Weight": 46,
      "PrioritizeLine": true,
      "LinePriorities": [ 1, 2, 3 ],
      "JointPriorities": [ 4, 5, 6, 1, 2, 3 ],
      "NWPanel": "",
      "NWLevel": 0,
      "NEPanel": "",
      "NELevel": 0,
      "WPanel": "Sharpeye",
      "WLevel": 1,
      "CPanel": "Phobia",
      "CLevel": 4,
      "EPanel": "Dagger",
      "ELevel": 1,
      "SWPanel": "",
      "SWLevel": 0,
      "SEPanel": "Locksmith",
      "SELevel": 1,
      "FirstElement": "Fire",
      "SecondElement": "Earth",
      "ThirdElement": "Metal",
      "FourthElement": "Water",
      "FifthElement": "Wood",
      "WeaponOneMaterial": "Fang (A)",
      "WeaponTwoMaterial": "",
      "AccessoryOneMaterial": "",
      "AccessoryTwoMaterial": "",
      "HeadMaterial": "",
      "ChestMaterial": "Fur",
      "LegsMaterial": "",
      "WeaponOneType": "Dagger",
      "WeaponTwoType": ""
    },
    {
      "EnglishName": "Nuage",
      "JapaneseName": "ヌアージ",
      "Hp": 223,
      "Lp": 17,
      "Strength": 5,
      "Skill": 2,
      "Magic": 1,
      "Endurance": 3,
      "Spirit": 2,
      "Fire": 2,
      "Earth": 1,
      "Metal": 1,
      "Water": 3,
      "Wood": 3,
      "Weight": 68,
      "PrioritizeLine": false,
      "LinePriorities": [ 1, 2, 3 ],
      "JointPriorities": [ 5, 6, 1, 2, 3, 4 ],
      "NWPanel": "",
      "NWLevel": 0,
      "NEPanel": "Punch",
      "NELevel": 1,
      "WPanel": "Natural",
      "WLevel": 1,
      "CPanel": "Road Guide",
      "CLevel": 2,
      "EPanel": "Obstacle Crossing",
      "ELevel": 2,
      "SWPanel": "Adaptability",
      "SWLevel": 1,
      "SEPanel": "",
      "SELevel": 0,
      "FirstElement": "Water",
      "SecondElement": "Wood",
      "ThirdElement": "Fire",
      "FourthElement": "Earth",
      "FifthElement": "Metal",
      "WeaponOneMaterial": "Marcasite",
      "WeaponTwoMaterial": "",
      "AccessoryOneMaterial": "",
      "AccessoryTwoMaterial": "",
      "HeadMaterial": "Cotton",
      "ChestMaterial": "Velvet",
      "LegsMaterial": "",
      "WeaponOneType": "Spear",
      "WeaponTwoType": ""
    },
    {
      "EnglishName": "Michelle",
      "JapaneseName": "ミシェル",
      "Hp": 116,
      "Lp": 6,
      "Strength": 5,
      "Skill": 5,
      "Magic": 2,
      "Endurance": 2,
      "Spirit": 3,
      "Fire": 2,
      "Earth": 1,
      "Metal": 1,
      "Water": 4,
      "Wood": 2,
      "Weight": 42,
      "PrioritizeLine": true,
      "LinePriorities": [ 2, 3, 1 ],
      "JointPriorities": [ 2, 1, 6, 5, 4, 3 ],
      "NWPanel": "Magic Tablet",
      "NWLevel": 1,
      "NEPanel": "Fashion",
      "NELevel": 1,
      "WPanel": "Sword",
      "WLevel": 1,
      "CPanel": "Gauntlet",
      "CLevel": 1,
      "EPanel": "Gun",
      "ELevel": 1,
      "SWPanel": "",
      "SWLevel": 0,
      "SEPanel": "",
      "SELevel": 0,
      "FirstElement": "Water",
      "SecondElement": "Wood",
      "ThirdElement": "Fire",
      "FourthElement": "Earth",
      "FifthElement": "Metal",
      "WeaponOneMaterial": "Silver",
      "WeaponTwoMaterial": "Iron",
      "AccessoryOneMaterial": "Angelite",
      "AccessoryTwoMaterial": "Topaz",
      "HeadMaterial": "",
      "ChestMaterial": "Copper",
      "LegsMaterial": "Snake Skin",
      "WeaponOneType": "Sword",
      "WeaponTwoType": "Gun"
    },
    {
      "EnglishName": "Vearst",
      "JapaneseName": "バースト",
      "Hp": 222,
      "Lp": 22,
      "Strength": 1,
      "Skill": 2,
      "Magic": 4,
      "Endurance": 1,
      "Spirit": 4,
      "Fire": 2,
      "Earth": 2,
      "Metal": 1,
      "Water": 3,
      "Wood": 2,
      "Weight": 90,
      "PrioritizeLine": false,
      "LinePriorities": [ 1, 2, 3 ],
      "JointPriorities": [ 3, 2, 1, 6, 5, 4 ],
      "NWPanel": "Iron Body",
      "NWLevel": 1,
      "NEPanel": "",
      "NELevel": 0,
      "WPanel": "Swimming",
      "WLevel": 1,
      "CPanel": "Inconspicuous",
      "CLevel": 1,
      "EPanel": "",
      "ELevel": 0,
      "SWPanel": "",
      "SWLevel": 0,
      "SEPanel": "",
      "SELevel": 0,
      "FirstElement": "Metal",
      "SecondElement": "Water",
      "ThirdElement": "Wood",
      "FourthElement": "Fire",
      "FifthElement": "Earth",
      "WeaponOneMaterial": "Fang (A)",
      "WeaponTwoMaterial": "",
      "AccessoryOneMaterial": "",
      "AccessoryTwoMaterial": "",
      "HeadMaterial": "",
      "ChestMaterial": "",
      "LegsMaterial": "Cotton",
      "WeaponOneType": "Dagger",
      "WeaponTwoType": ""
    },
    {
      "EnglishName": "Mordeus",
      "JapaneseName": "オーベルベンド",
      "Hp": 275,
      "Lp": 9,
      "Strength": 4,
      "Skill": 2,
      "Magic": 4,
      "Endurance": 3,
      "Spirit": 3,
      "Fire": 2,
      "Earth": 3,
      "Metal": 1,
      "Water": 2,
      "Wood": 2,
      "Weight": 74,
      "PrioritizeLine": false,
      "LinePriorities": [ 2, 3, 1 ],
      "JointPriorities": [ 4, 5, 6, 1, 2, 3 ],
      "NWPanel": "",
      "NWLevel": 0,
      "NEPanel": "Iron Will",
      "NELevel": 1,
      "WPanel": "",
      "WLevel": 0,
      "CPanel": "Axe",
      "CLevel": 3,
      "EPanel": "Kick",
      "ELevel": 2,
      "SWPanel": "Iron Body",
      "SWLevel": 1,
      "SEPanel": "Dagger",
      "SELevel": 2,
      "FirstElement": "Fire",
      "SecondElement": "Earth",
      "ThirdElement": "Metal",
      "FourthElement": "Water",
      "FifthElement": "Wood",
      "WeaponOneMaterial": "Lead",
      "WeaponTwoMaterial": "Iron",
      "AccessoryOneMaterial": "",
      "AccessoryTwoMaterial": "",
      "HeadMaterial": "",
      "ChestMaterial": "Fur",
      "LegsMaterial": "Fur",
      "WeaponOneType": "Dagger",
      "WeaponTwoType": "Axe"
    },
    {
      "EnglishName": "Edel",
      "JapaneseName": "エデル",
      "Hp": 168,
      "Lp": 14,
      "Strength": 5,
      "Skill": 5,
      "Magic": 2,
      "Endurance": 5,
      "Spirit": 1,
      "Fire": 2,
      "Earth": 2,
      "Metal": 3,
      "Water": 2,
      "Wood": 1,
      "Weight": 82,
      "PrioritizeLine": true,
      "LinePriorities": [ 2, 3, 1 ],
      "JointPriorities": [ 5, 4, 3, 2, 1, 6 ],
      "NWPanel": "Shield",
      "NWLevel": 1,
      "NEPanel": "Sword",
      "NELevel": 3,
      "WPanel": "Eavesdrop",
      "WLevel": 1,
      "CPanel": "Fortify",
      "CLevel": 3,
      "EPanel": "",
      "ELevel": 0,
      "SWPanel": "Bow",
      "SWLevel": 2,
      "SEPanel": "Obstacle Crossing",
      "SELevel": 1,
      "FirstElement": "Fire",
      "SecondElement": "Earth",
      "ThirdElement": "Metal",
      "FourthElement": "Water",
      "FifthElement": "Wood",
      "WeaponOneMaterial": "Silver",
      "WeaponTwoMaterial": "Scale",
      "AccessoryOneMaterial": "",
      "AccessoryTwoMaterial": "",
      "HeadMaterial": "",
      "ChestMaterial": "Copper",
      "LegsMaterial": "Fur",
      "WeaponOneType": "Sword",
      "WeaponTwoType": "Shield"
    },
    {
      "EnglishName": "Armand",
      "JapaneseName": "ゴージュ",
      "Hp": 98,
      "Lp": 21,
      "Strength": 5,
      "Skill": 5,
      "Magic": 1,
      "Endurance": 1,
      "Spirit": 3,
      "Fire": 4,
      "Earth": 2,
      "Metal": 1,
      "Water": 1,
      "Wood": 2,
      "Weight": 70,
      "PrioritizeLine": true,
      "LinePriorities": [ 1, 2, 3 ],
      "JointPriorities": [ 6, 5, 4, 3, 2, 1 ],
      "NWPanel": "Fashion",
      "NWLevel": 1,
      "NEPanel": "Maharaja",
      "NELevel": 1,
      "WPanel": "",
      "WLevel": 0,
      "CPanel": "Fashion",
      "CLevel": 3,
      "EPanel": "",
      "ELevel": 0,
      "SWPanel": "",
      "SWLevel": 0,
      "SEPanel": "Fashion",
      "SELevel": 2,
      "FirstElement": "Earth",
      "SecondElement": "Metal",
      "ThirdElement": "Water",
      "FourthElement": "Wood",
      "FifthElement": "Fire",
      "WeaponOneMaterial": "",
      "WeaponTwoMaterial": "",
      "AccessoryOneMaterial": "",
      "AccessoryTwoMaterial": "",
      "HeadMaterial": "",
      "ChestMaterial": "Velvet",
      "LegsMaterial": "Croc Skin",
      "WeaponOneType": "",
      "WeaponTwoType": ""
    },
    {
      "EnglishName": "Pharr",
      "JapaneseName": "ファー",
      "Hp": 264,
      "Lp": 8,
      "Strength": 3,
      "Skill": 3,
      "Magic": 2,
      "Endurance": 2,
      "Spirit": 4,
      "Fire": 2,
      "Earth": 1,
      "Metal": 2,
      "Water": 2,
      "Wood": 3,
      "Weight": 72,
      "PrioritizeLine": false,
      "LinePriorities": [ 3, 1, 2 ],
      "JointPriorities": [ 6, 5, 4, 3, 2, 1 ],
      "NWPanel": "Adaptability",
      "NWLevel": 1,
      "NEPanel": "Throw",
      "NELevel": 2,
      "WPanel": "",
      "WLevel": 0,
      "CPanel": "Defuse",
      "CLevel": 2,
      "EPanel": "Spear",
      "ELevel": 3,
      "SWPanel": "Artiste",
      "SWLevel": 1,
      "SEPanel": "",
      "SELevel": 0,
      "FirstElement": "Fire",
      "SecondElement": "Earth",
      "ThirdElement": "Metal",
      "FourthElement": "Water",
      "FifthElement": "Wood",
      "WeaponOneMaterial": "Copper",
      "WeaponTwoMaterial": "",
      "AccessoryOneMaterial": "",
      "AccessoryTwoMaterial": "",
      "HeadMaterial": "",
      "ChestMaterial": "Serpentine",
      "LegsMaterial": "",
      "WeaponOneType": "Spear",
      "WeaponTwoType": ""
    },
    {
      "EnglishName": "Grace",
      "JapaneseName": "グレース",
      "Hp": 272,
      "Lp": 16,
      "Strength": 1,
      "Skill": 3,
      "Magic": 3,
      "Endurance": 5,
      "Spirit": 1,
      "Fire": 2,
      "Earth": 2,
      "Metal": 3,
      "Water": 1,
      "Wood": 2,
      "Weight": 61,
      "PrioritizeLine": true,
      "LinePriorities": [ 1, 2, 3 ],
      "JointPriorities": [ 3, 4, 5, 6, 1, 2 ],
      "NWPanel": "Architect",
      "NWLevel": 1,
      "NEPanel": "",
      "NELevel": 0,
      "WPanel": "Familiar",
      "WLevel": 1,
      "CPanel": "Sharpeye",
      "CLevel": 2,
      "EPanel": "",
      "ELevel": 0,
      "SWPanel": "Eavesdrop",
      "SWLevel": 1,
      "SEPanel": "Diplomacy",
      "SELevel": 2,
      "FirstElement": "Metal",
      "SecondElement": "Water",
      "ThirdElement": "Wood",
      "FourthElement": "Fire",
      "FifthElement": "Earth",
      "WeaponOneMaterial": "",
      "WeaponTwoMaterial": "",
      "AccessoryOneMaterial": "Ravenite",
      "AccessoryTwoMaterial": "",
      "HeadMaterial": "",
      "ChestMaterial": "Silk",
      "LegsMaterial": "Cotton",
      "WeaponOneType": "",
      "WeaponTwoType": ""
    },
    {
      "EnglishName": "Norff",
      "JapaneseName": "ノース",
      "Hp": 136,
      "Lp": 13,
      "Strength": 3,
      "Skill": 3,
      "Magic": 5,
      "Endurance": 4,
      "Spirit": 1,
      "Fire": 2,
      "Earth": 2,
      "Metal": 1,
      "Water": 2,
      "Wood": 3,
      "Weight": 53,
      "PrioritizeLine": false,
      "LinePriorities": [ 2, 3, 1 ],
      "JointPriorities": [ 6, 5, 4, 3, 2, 1 ],
      "NWPanel": "Magic Tablet",
      "NWLevel": 2,
      "NEPanel": "Magic Tablet",
      "NELevel": 1,
      "WPanel": "",
      "WLevel": 0,
      "CPanel": "Architect",
      "CLevel": 1,
      "EPanel": "",
      "ELevel": 0,
      "SWPanel": "",
      "SWLevel": 0,
      "SEPanel": "Familiar",
      "SELevel": 1,
      "FirstElement": "Metal",
      "SecondElement": "Water",
      "ThirdElement": "Wood",
      "FourthElement": "Fire",
      "FifthElement": "Earth",
      "WeaponOneMaterial": "Copse",
      "WeaponTwoMaterial": "Copse",
      "AccessoryOneMaterial": "Lazuli",
      "AccessoryTwoMaterial": "Fang (A)",
      "HeadMaterial": "Cotton",
      "ChestMaterial": "Cotton",
      "LegsMaterial": "",
      "WeaponOneType": "Staff",
      "WeaponTwoType": "Shield"
    },
    {
      "EnglishName": "Kong Ming",
      "JapaneseName": "クン゠ミン",
      "Hp": 264,
      "Lp": 15,
      "Strength": 2,
      "Skill": 4,
      "Magic": 4,
      "Endurance": 4,
      "Spirit": 1,
      "Fire": 2,
      "Earth": 3,
      "Metal": 2,
      "Water": 1,
      "Wood": 2,
      "Weight": 51,
      "PrioritizeLine": true,
      "LinePriorities": [ 3, 1, 2 ],
      "JointPriorities": [ 6, 5, 4, 3, 2, 1 ],
      "NWPanel": "",
      "NWLevel": 0,
      "NEPanel": "",
      "NELevel": 0,
      "WPanel": "Magic Tablet",
      "WLevel": 3,
      "CPanel": "Magic Tablet",
      "CLevel": 2,
      "EPanel": "Master Magician",
      "ELevel": 1,
      "SWPanel": "Inconspicuous",
      "SWLevel": 1,
      "SEPanel": "",
      "SELevel": 0,
      "FirstElement": "Earth",
      "SecondElement": "Metal",
      "ThirdElement": "Water",
      "FourthElement": "Wood",
      "FifthElement": "Fire",
      "WeaponOneMaterial": "",
      "WeaponTwoMaterial": "",
      "AccessoryOneMaterial": "Lazuli",
      "AccessoryTwoMaterial": "Topaz",
      "HeadMaterial": "",
      "ChestMaterial": "Copse",
      "LegsMaterial": "",
      "WeaponOneType": "",
      "WeaponTwoType": ""
    }
  ]
}