﻿{
  "Enemies": [
    {
      "EnglishName": "Chaos Ruler",
      "JapaneseName": "カオス・ルーラー",
      "Category": "ScenarioBoss",
      "Hp": 20000,
      "Lp": 59,
      "SlashDefense": 32,
      "HitDefense": 32,
      "PierceDefense": 32,
      "HeatDefense": 18,
      "ColdDefense": 18,
      "LightningDefense": 18,
      "LightDefense": 18,
      "LpDefense": 1
    },
    {
      "EnglishName": "Dragon Familiar",
      "JapaneseName": "ドラゴン (ジュディ)",
      "Category": "Boss",
      "Hp": 160,
      "Lp": 3,
      "SlashDefense": 4,
      "HitDefense": 4,
      "PierceDefense": 4,
      "HeatDefense": 4,
      "ColdDefense": 4,
      "LightningDefense": 4,
      "LightDefense": 4,
      "LpDefense": 0
    },
    {
      "EnglishName": "Bully Croaker",
      "JapaneseName": "ストロングクローカー",
      "Category": "Boss",
      "Hp": 822,
      "Lp": 3,
      "SlashDefense": 10,
      "HitDefense": 16,
      "PierceDefense": 10,
      "HeatDefense": 12,
      "ColdDefense": 12,
      "LightningDefense": 2,
      "LightDefense": 16,
      "LpDefense": 1
    },
    {
      "EnglishName": "Pinhut Titus",
      "JapaneseName": "ピー・タイタス",
      "Category": "Boss",
      "Hp": 1208,
      "Lp": 4,
      "SlashDefense": 12,
      "HitDefense": 20,
      "PierceDefense": 12,
      "HeatDefense": 2,
      "ColdDefense": 16,
      "LightningDefense": 6,
      "LightDefense": 12,
      "LpDefense": 1
    },
    {
      "EnglishName": "Dark Mage",
      "JapaneseName": "暗黒魔道士",
      "Category": "Boss",
      "Hp": 429,
      "Lp": 8,
      "SlashDefense": 16,
      "HitDefense": 16,
      "PierceDefense": 16,
      "HeatDefense": 16,
      "ColdDefense": 16,
      "LightningDefense": 16,
      "LightDefense": 16,
      "LpDefense": 2
    },
    {
      "EnglishName": "Titan Crab",
      "JapaneseName": "クラブマン",
      "Category": "Boss",
      "Hp": 922,
      "Lp": 4,
      "SlashDefense": 18,
      "HitDefense": 10,
      "PierceDefense": 18,
      "HeatDefense": 4,
      "ColdDefense": 4,
      "LightningDefense": 2,
      "LightDefense": 6,
      "LpDefense": 1
    },
    {
      "EnglishName": "Clyde Blackstorm",
      "JapaneseName": "クライド・ブラッドストーム",
      "Category": "ScenarioBoss",
      "Hp": 2200,
      "Lp": 13,
      "SlashDefense": 32,
      "HitDefense": 24,
      "PierceDefense": 32,
      "HeatDefense": 2,
      "ColdDefense": 32,
      "LightningDefense": 32,
      "LightDefense": 32,
      "LpDefense": 4
    },
    {
      "EnglishName": "Pursuer",
      "JapaneseName": "追っ手",
      "Category": "Boss",
      "Hp": 499,
      "Lp": 2,
      "SlashDefense": 8,
      "HitDefense": 8,
      "PierceDefense": 8,
      "HeatDefense": 4,
      "ColdDefense": 4,
      "LightningDefense": 4,
      "LightDefense": 4,
      "LpDefense": 0
    },
    {
      "EnglishName": "Jester Y",
      "JapaneseName": "地縛式魔",
      "Category": "Boss",
      "Hp": 809,
      "Lp": 4,
      "SlashDefense": 8,
      "HitDefense": 8,
      "PierceDefense": 8,
      "HeatDefense": 4,
      "ColdDefense": 4,
      "LightningDefense": 6,
      "LightDefense": 8,
      "LpDefense": 1
    },
    {
      "EnglishName": "Jumbo Moch",
      "JapaneseName": "ジャンボ・モク",
      "Category": "Boss",
      "Hp": 2622,
      "Lp": 6,
      "SlashDefense": 12,
      "HitDefense": 12,
      "PierceDefense": 12,
      "HeatDefense": 2,
      "ColdDefense": 12,
      "LightningDefense": 8,
      "LightDefense": 16,
      "LpDefense": 1
    },
    {
      "EnglishName": "Firebird",
      "JapaneseName": "化石鳥",
      "Category": "Boss",
      "Hp": 2294,
      "Lp": 4,
      "SlashDefense": 12,
      "HitDefense": 12,
      "PierceDefense": 12,
      "HeatDefense": 48,
      "ColdDefense": 8,
      "LightningDefense": 8,
      "LightDefense": 8,
      "LpDefense": 1
    },
    {
      "EnglishName": "Kummi",
      "JapaneseName": "ウルリクムミ",
      "Category": "Boss",
      "Hp": 1666,
      "Lp": 4,
      "SlashDefense": 24,
      "HitDefense": 12,
      "PierceDefense": 24,
      "HeatDefense": 16,
      "ColdDefense": 8,
      "LightningDefense": 8,
      "LightDefense": 8,
      "LpDefense": 1
    },
    {
      "EnglishName": "Basil Galeos",
      "JapaneseName": "バジル・ゲレイオス",
      "Category": "ScenarioBoss",
      "Hp": 8400,
      "Lp": 15,
      "SlashDefense": 24,
      "HitDefense": 8,
      "PierceDefense": 32,
      "HeatDefense": 8,
      "ColdDefense": 24,
      "LightningDefense": 12,
      "LightDefense": 24,
      "LpDefense": 2
    },
    {
      "EnglishName": "Dagul Bos",
      "JapaneseName": "ダグル・ボース",
      "Category": "ScenarioBoss",
      "Hp": 900,
      "Lp": 27,
      "SlashDefense": 28,
      "HitDefense": 24,
      "PierceDefense": 24,
      "HeatDefense": 12,
      "ColdDefense": 12,
      "LightningDefense": 12,
      "LightDefense": 24,
      "LpDefense": 2
    },
    {
      "EnglishName": "Ajatar (Ventus)",
      "JapaneseName": "古龍",
      "Category": "Boss",
      "Hp": 4400,
      "Lp": 8,
      "SlashDefense": 24,
      "HitDefense": 16,
      "PierceDefense": 16,
      "HeatDefense": 16,
      "ColdDefense": 16,
      "LightningDefense": 64,
      "LightDefense": 32,
      "LpDefense": 3
    },
    {
      "EnglishName": "KotR Spear #1",
      "JapaneseName": "ナ・オ・ザ・ラ(槍1)",
      "Category": "Kotr",
      "Hp": 2124,
      "Lp": 14,
      "SlashDefense": 32,
      "HitDefense": 12,
      "PierceDefense": 24,
      "HeatDefense": 2,
      "ColdDefense": 32,
      "LightningDefense": 16,
      "LightDefense": 24,
      "LpDefense": 1
    },
    {
      "EnglishName": "KotR Sword #1",
      "JapaneseName": "ナ・オ・ザ・ラ(剣1)",
      "Category": "Kotr",
      "Hp": 1132,
      "Lp": 10,
      "SlashDefense": 32,
      "HitDefense": 12,
      "PierceDefense": 24,
      "HeatDefense": 2,
      "ColdDefense": 32,
      "LightningDefense": 16,
      "LightDefense": 24,
      "LpDefense": 1
    },
    {
      "EnglishName": "KotR Club #1",
      "JapaneseName": "ナ・オ・ザ・ラ(棍1)",
      "Category": "Kotr",
      "Hp": 1364,
      "Lp": 8,
      "SlashDefense": 32,
      "HitDefense": 12,
      "PierceDefense": 24,
      "HeatDefense": 2,
      "ColdDefense": 32,
      "LightningDefense": 16,
      "LightDefense": 24,
      "LpDefense": 1
    },
    {
      "EnglishName": "KotR Staff #1",
      "JapaneseName": "ナ・オ・ザ・ラ(杖1)",
      "Category": "Kotr",
      "Hp": 1989,
      "Lp": 6,
      "SlashDefense": 32,
      "HitDefense": 12,
      "PierceDefense": 24,
      "HeatDefense": 2,
      "ColdDefense": 32,
      "LightningDefense": 16,
      "LightDefense": 24,
      "LpDefense": 1
    },
    {
      "EnglishName": "KotR Axe #1",
      "JapaneseName": "ナ・オ・ザ・ラ(斧1)",
      "Category": "Kotr",
      "Hp": 1498,
      "Lp": 9,
      "SlashDefense": 32,
      "HitDefense": 12,
      "PierceDefense": 24,
      "HeatDefense": 2,
      "ColdDefense": 32,
      "LightningDefense": 16,
      "LightDefense": 24,
      "LpDefense": 1
    },
    {
      "EnglishName": "KotR Axe #2",
      "JapaneseName": "ナ・オ・ザ・ラ(斧2)",
      "Category": "Kotr",
      "Hp": 1422,
      "Lp": 12,
      "SlashDefense": 32,
      "HitDefense": 12,
      "PierceDefense": 24,
      "HeatDefense": 2,
      "ColdDefense": 32,
      "LightningDefense": 16,
      "LightDefense": 24,
      "LpDefense": 1
    },
    {
      "EnglishName": "KotR Club #2",
      "JapaneseName": "ナ・オ・ザ・ラ(棍2)",
      "Category": "Kotr",
      "Hp": 1016,
      "Lp": 6,
      "SlashDefense": 32,
      "HitDefense": 12,
      "PierceDefense": 24,
      "HeatDefense": 2,
      "ColdDefense": 32,
      "LightningDefense": 16,
      "LightDefense": 24,
      "LpDefense": 1
    },
    {
      "EnglishName": "KotR Sword #2",
      "JapaneseName": "ナ・オ・ザ・ラ(剣2)",
      "Category": "Kotr",
      "Hp": 1291,
      "Lp": 9,
      "SlashDefense": 32,
      "HitDefense": 12,
      "PierceDefense": 24,
      "HeatDefense": 2,
      "ColdDefense": 32,
      "LightningDefense": 16,
      "LightDefense": 24,
      "LpDefense": 1
    },
    {
      "EnglishName": "KotR Staff #2",
      "JapaneseName": "ナ・オ・ザ・ラ(杖2)",
      "Category": "Kotr",
      "Hp": 1046,
      "Lp": 5,
      "SlashDefense": 32,
      "HitDefense": 12,
      "PierceDefense": 24,
      "HeatDefense": 2,
      "ColdDefense": 32,
      "LightningDefense": 16,
      "LightDefense": 24,
      "LpDefense": 1
    },
    {
      "EnglishName": "KotR Spear #2",
      "JapaneseName": "ナ・オ・ザ・ラ(槍2)",
      "Category": "Kotr",
      "Hp": 2355,
      "Lp": 7,
      "SlashDefense": 32,
      "HitDefense": 12,
      "PierceDefense": 24,
      "HeatDefense": 2,
      "ColdDefense": 32,
      "LightningDefense": 16,
      "LightDefense": 24,
      "LpDefense": 1
    },
    {
      "EnglishName": "Phantom",
      "JapaneseName": "ファントム",
      "Category": "ScenarioBoss",
      "Hp": 6666,
      "Lp": 13,
      "SlashDefense": 24,
      "HitDefense": 12,
      "PierceDefense": 20,
      "HeatDefense": 2,
      "ColdDefense": 32,
      "LightningDefense": 16,
      "LightDefense": 24,
      "LpDefense": 2
    },
    {
      "EnglishName": "Kalandorn Alovi",
      "JapaneseName": "トゥース・ブラッドベイン",
      "Category": "ScenarioBoss",
      "Hp": 4200,
      "Lp": 27,
      "SlashDefense": 22,
      "HitDefense": 22,
      "PierceDefense": 22,
      "HeatDefense": 2,
      "ColdDefense": 32,
      "LightningDefense": 32,
      "LightDefense": 32,
      "LpDefense": 4
    },
    {
      "EnglishName": "Samurai Master",
      "JapaneseName": "サムライマスター",
      "Category": "Boss",
      "Hp": 2949,
      "Lp": 7,
      "SlashDefense": 16,
      "HitDefense": 12,
      "PierceDefense": 12,
      "HeatDefense": 4,
      "ColdDefense": 8,
      "LightningDefense": 8,
      "LightDefense": 8,
      "LpDefense": 2
    },
    {
      "EnglishName": "Jean Moore",
      "JapaneseName": "ジーン・ムーア",
      "Category": "ScenarioBoss",
      "Hp": 750,
      "Lp": 22,
      "SlashDefense": 32,
      "HitDefense": 18,
      "PierceDefense": 18,
      "HeatDefense": 12,
      "ColdDefense": 12,
      "LightningDefense": 12,
      "LightDefense": 12,
      "LpDefense": 2
    },
    {
      "EnglishName": "Jean's Guard",
      "JapaneseName": "ジーンの親衛隊",
      "Category": "ScenarioBoss",
      "Hp": 800,
      "Lp": 8,
      "SlashDefense": 32,
      "HitDefense": 18,
      "PierceDefense": 18,
      "HeatDefense": 12,
      "ColdDefense": 12,
      "LightningDefense": 12,
      "LightDefense": 12,
      "LpDefense": 1
    },
    {
      "EnglishName": "Scorpion",
      "JapaneseName": "スコルピオ",
      "Category": "Gauntlet",
      "Hp": 260,
      "Lp": 2,
      "SlashDefense": 8,
      "HitDefense": 8,
      "PierceDefense": 8,
      "HeatDefense": 4,
      "ColdDefense": 4,
      "LightningDefense": 4,
      "LightDefense": 4,
      "LpDefense": 1
    },
    {
      "EnglishName": "Zorus",
      "JapaneseName": "カリカンザーロス",
      "Category": "Gauntlet",
      "Hp": 490,
      "Lp": 3,
      "SlashDefense": 12,
      "HitDefense": 24,
      "PierceDefense": 12,
      "HeatDefense": 6,
      "ColdDefense": 6,
      "LightningDefense": 6,
      "LightDefense": 6,
      "LpDefense": 1
    },
    {
      "EnglishName": "Greedy",
      "JapaneseName": "グリーディー",
      "Category": "Gauntlet",
      "Hp": 180,
      "Lp": 3,
      "SlashDefense": 8,
      "HitDefense": 8,
      "PierceDefense": 8,
      "HeatDefense": 4,
      "ColdDefense": 4,
      "LightningDefense": 4,
      "LightDefense": 4,
      "LpDefense": 1
    },
    {
      "EnglishName": "Chaos Crab",
      "JapaneseName": "クラブハンマー",
      "Category": "Gauntlet",
      "Hp": 512,
      "Lp": 3,
      "SlashDefense": 18,
      "HitDefense": 10,
      "PierceDefense": 18,
      "HeatDefense": 4,
      "ColdDefense": 4,
      "LightningDefense": 2,
      "LightDefense": 6,
      "LpDefense": 1
    },
    {
      "EnglishName": "Blue Windsor",
      "JapaneseName": "ブルーウィンザー",
      "Category": "Gauntlet",
      "Hp": 644,
      "Lp": 5,
      "SlashDefense": 12,
      "HitDefense": 12,
      "PierceDefense": 12,
      "HeatDefense": 8,
      "ColdDefense": 8,
      "LightningDefense": 48,
      "LightDefense": 8,
      "LpDefense": 1
    },
    {
      "EnglishName": "Mad Buc",
      "JapaneseName": "マーダーバフ",
      "Category": "Gauntlet",
      "Hp": 788,
      "Lp": 6,
      "SlashDefense": 12,
      "HitDefense": 12,
      "PierceDefense": 12,
      "HeatDefense": 4,
      "ColdDefense": 4,
      "LightningDefense": 4,
      "LightDefense": 4,
      "LpDefense": 2
    },
    {
      "EnglishName": "Vergirius",
      "JapaneseName": "ウェルギリウス",
      "Category": "Gauntlet",
      "Hp": 1219,
      "Lp": 6,
      "SlashDefense": 8,
      "HitDefense": 8,
      "PierceDefense": 8,
      "HeatDefense": 4,
      "ColdDefense": 4,
      "LightningDefense": 6,
      "LightDefense": 8,
      "LpDefense": 2
    },
    {
      "EnglishName": "Agares",
      "JapaneseName": "アガレス",
      "Category": "Gauntlet",
      "Hp": 3132,
      "Lp": 9,
      "SlashDefense": 30,
      "HitDefense": 20,
      "PierceDefense": 30,
      "HeatDefense": 6,
      "ColdDefense": 18,
      "LightningDefense": 2,
      "LightDefense": 24,
      "LpDefense": 3
    },
    {
      "EnglishName": "Abbadon",
      "JapaneseName": "アバドン",
      "Category": "Gauntlet",
      "Hp": 4816,
      "Lp": 12,
      "SlashDefense": 6,
      "HitDefense": 6,
      "PierceDefense": 6,
      "HeatDefense": 0,
      "ColdDefense": 12,
      "LightningDefense": 16,
      "LightDefense": 16,
      "LpDefense": 4
    },
    {
      "EnglishName": "Domliat",
      "JapaneseName": "ドムリアット",
      "Category": "Gauntlet",
      "Hp": 7682,
      "Lp": 9,
      "SlashDefense": 12,
      "HitDefense": 12,
      "PierceDefense": 12,
      "HeatDefense": 18,
      "ColdDefense": 12,
      "LightningDefense": 24,
      "LightDefense": 24,
      "LpDefense": 5
    },
    {
      "EnglishName": "Necromancer",
      "JapaneseName": "ネクロマンサー",
      "Category": "Boss",
      "Hp": 466,
      "Lp": 7,
      "SlashDefense": 4,
      "HitDefense": 4,
      "PierceDefense": 4,
      "HeatDefense": 4,
      "ColdDefense": 4,
      "LightningDefense": 4,
      "LightDefense": 4,
      "LpDefense": 2
    },
    {
      "EnglishName": "Regal Lion",
      "JapaneseName": "獅子王",
      "Category": "Boss",
      "Hp": 3199,
      "Lp": 9,
      "SlashDefense": 32,
      "HitDefense": 6,
      "PierceDefense": 48,
      "HeatDefense": 2,
      "ColdDefense": 12,
      "LightningDefense": 16,
      "LightDefense": 16,
      "LpDefense": 2
    },
    {
      "EnglishName": "Leon Burgundy",
      "JapaneseName": "レオン・バーガンディ",
      "Category": "ScenarioBoss",
      "Hp": 5500,
      "Lp": 20,
      "SlashDefense": 28,
      "HitDefense": 24,
      "PierceDefense": 28,
      "HeatDefense": 8,
      "ColdDefense": 12,
      "LightningDefense": 2,
      "LightDefense": 24,
      "LpDefense": 1
    },
    {
      "EnglishName": "Arcanian Mech",
      "JapaneseName": "真人の戦闘メカ",
      "Category": "ScenarioBoss",
      "Hp": 4500,
      "Lp": 25,
      "SlashDefense": 28,
      "HitDefense": 24,
      "PierceDefense": 28,
      "HeatDefense": 8,
      "ColdDefense": 12,
      "LightningDefense": 2,
      "LightDefense": 24,
      "LpDefense": 1
    },
    {
      "EnglishName": "Yun Crimsonrain",
      "JapaneseName": "ユン・クリムゾンレイン",
      "Category": "ScenarioBoss",
      "Hp": 1400,
      "Lp": 14,
      "SlashDefense": 6,
      "HitDefense": 6,
      "PierceDefense": 6,
      "HeatDefense": 18,
      "ColdDefense": 18,
      "LightningDefense": 18,
      "LightDefense": 18,
      "LpDefense": 2
    },
    {
      "EnglishName": "Guckie",
      "JapaneseName": "グッキー",
      "Category": "Beast",
      "Hp": 60,
      "Lp": 1,
      "SlashDefense": 6,
      "HitDefense": 6,
      "PierceDefense": 6,
      "HeatDefense": 4,
      "ColdDefense": 4,
      "LightningDefense": 4,
      "LightDefense": 4,
      "LpDefense": 0
    },
    {
      "EnglishName": "Draco Pup",
      "JapaneseName": "ドラコパピー",
      "Category": "Beast",
      "Hp": 96,
      "Lp": 1,
      "SlashDefense": 8,
      "HitDefense": 8,
      "PierceDefense": 8,
      "HeatDefense": 16,
      "ColdDefense": 0,
      "LightningDefense": 5,
      "LightDefense": 5,
      "LpDefense": 0
    },
    {
      "EnglishName": "Ulli",
      "JapaneseName": "ラムビースト",
      "Category": "Beast",
      "Hp": 384,
      "Lp": 2,
      "SlashDefense": 16,
      "HitDefense": 12,
      "PierceDefense": 12,
      "HeatDefense": 6,
      "ColdDefense": 6,
      "LightningDefense": 6,
      "LightDefense": 6,
      "LpDefense": 0
    },
    {
      "EnglishName": "Burak",
      "JapaneseName": "ブラク",
      "Category": "Beast",
      "Hp": 440,
      "Lp": 3,
      "SlashDefense": 16,
      "HitDefense": 16,
      "PierceDefense": 16,
      "HeatDefense": 33,
      "ColdDefense": 33,
      "LightningDefense": 33,
      "LightDefense": 33,
      "LpDefense": 0
    },
    {
      "EnglishName": "Draco",
      "JapaneseName": "ドラコラルヴァ",
      "Category": "Beast",
      "Hp": 1620,
      "Lp": 4,
      "SlashDefense": 25,
      "HitDefense": 20,
      "PierceDefense": 25,
      "HeatDefense": 32,
      "ColdDefense": 0,
      "LightningDefense": 6,
      "LightDefense": 6,
      "LpDefense": 2
    },
    {
      "EnglishName": "Morkie",
      "JapaneseName": "モルケクス",
      "Category": "Beast",
      "Hp": 954,
      "Lp": 1,
      "SlashDefense": 16,
      "HitDefense": 16,
      "PierceDefense": 16,
      "HeatDefense": 8,
      "ColdDefense": 8,
      "LightningDefense": 8,
      "LightDefense": 8,
      "LpDefense": 0
    },
    {
      "EnglishName": "Hiddle",
      "JapaneseName": "ヒドル",
      "Category": "Beast",
      "Hp": 1322,
      "Lp": 1,
      "SlashDefense": 16,
      "HitDefense": 16,
      "PierceDefense": 16,
      "HeatDefense": 8,
      "ColdDefense": 8,
      "LightningDefense": 8,
      "LightDefense": 8,
      "LpDefense": 0
    },
    {
      "EnglishName": "Tao-Tie",
      "JapaneseName": "トウコツ",
      "Category": "Beast",
      "Hp": 4195,
      "Lp": 8,
      "SlashDefense": 24,
      "HitDefense": 24,
      "PierceDefense": 24,
      "HeatDefense": 12,
      "ColdDefense": 12,
      "LightningDefense": 12,
      "LightDefense": 16,
      "LpDefense": 2
    },
    {
      "EnglishName": "Eurynome",
      "JapaneseName": "エウリノーム",
      "Category": "Beast",
      "Hp": 3015,
      "Lp": 3,
      "SlashDefense": 18,
      "HitDefense": 18,
      "PierceDefense": 12,
      "HeatDefense": 33,
      "ColdDefense": 33,
      "LightningDefense": 33,
      "LightDefense": 33,
      "LpDefense": 3
    },
    {
      "EnglishName": "Tao-wu",
      "JapaneseName": "トウテツ",
      "Category": "Beast",
      "Hp": 9999,
      "Lp": 16,
      "SlashDefense": 40,
      "HitDefense": 40,
      "PierceDefense": 40,
      "HeatDefense": 66,
      "ColdDefense": 66,
      "LightningDefense": 66,
      "LightDefense": 66,
      "LpDefense": 5
    },
    {
      "EnglishName": "Tao-Tie",
      "JapaneseName": "ハヌマーン",
      "Category": "Beast",
      "Hp": 6464,
      "Lp": 8,
      "SlashDefense": 24,
      "HitDefense": 24,
      "PierceDefense": 24,
      "HeatDefense": 12,
      "ColdDefense": 12,
      "LightningDefense": 12,
      "LightDefense": 16,
      "LpDefense": 2
    },
    {
      "EnglishName": "Desert Boar",
      "JapaneseName": "砂親父",
      "Category": "Beast",
      "Hp": 666,
      "Lp": 4,
      "SlashDefense": 24,
      "HitDefense": 12,
      "PierceDefense": 24,
      "HeatDefense": 16,
      "ColdDefense": 8,
      "LightningDefense": 8,
      "LightDefense": 8,
      "LpDefense": 2
    },
    {
      "EnglishName": "Kummi",
      "JapaneseName": "ウルリクムミ",
      "Category": "Beast",
      "Hp": 666,
      "Lp": 4,
      "SlashDefense": 24,
      "HitDefense": 12,
      "PierceDefense": 24,
      "HeatDefense": 16,
      "ColdDefense": 8,
      "LightningDefense": 8,
      "LightDefense": 8,
      "LpDefense": 2
    },
    {
      "EnglishName": "Sabretiger",
      "JapaneseName": "サーベルタイガー",
      "Category": "Beast",
      "Hp": 7100,
      "Lp": 4,
      "SlashDefense": 22,
      "HitDefense": 22,
      "PierceDefense": 12,
      "HeatDefense": 8,
      "ColdDefense": 8,
      "LightningDefense": 8,
      "LightDefense": 8,
      "LpDefense": 3
    },
    {
      "EnglishName": "Goblin",
      "JapaneseName": "ゴブリン",
      "Category": "Wildling",
      "Hp": 95,
      "Lp": 2,
      "SlashDefense": 8,
      "HitDefense": 8,
      "PierceDefense": 8,
      "HeatDefense": 4,
      "ColdDefense": 4,
      "LightningDefense": 4,
      "LightDefense": 4,
      "LpDefense": 0
    },
    {
      "EnglishName": "Gianne",
      "JapaneseName": "ジャン",
      "Category": "Wildling",
      "Hp": 134,
      "Lp": 2,
      "SlashDefense": 8,
      "HitDefense": 8,
      "PierceDefense": 8,
      "HeatDefense": 4,
      "ColdDefense": 4,
      "LightningDefense": 4,
      "LightDefense": 4,
      "LpDefense": 0
    },
    {
      "EnglishName": "Goblin Captain",
      "JapaneseName": "ゴブリンキャプテン",
      "Category": "Wildling",
      "Hp": 196,
      "Lp": 2,
      "SlashDefense": 12,
      "HitDefense": 12,
      "PierceDefense": 12,
      "HeatDefense": 4,
      "ColdDefense": 4,
      "LightningDefense": 4,
      "LightDefense": 4,
      "LpDefense": 0
    },
    {
      "EnglishName": "Dobby",
      "JapaneseName": "ドビー",
      "Category": "Wildling",
      "Hp": 262,
      "Lp": 2,
      "SlashDefense": 8,
      "HitDefense": 8,
      "PierceDefense": 8,
      "HeatDefense": 4,
      "ColdDefense": 4,
      "LightningDefense": 4,
      "LightDefense": 4,
      "LpDefense": 0
    },
    {
      "EnglishName": "Draconid",
      "JapaneseName": "ドラコニアン",
      "Category": "Wildling",
      "Hp": 544,
      "Lp": 4,
      "SlashDefense": 12,
      "HitDefense": 12,
      "PierceDefense": 12,
      "HeatDefense": 16,
      "ColdDefense": 6,
      "LightningDefense": 6,
      "LightDefense": 6,
      "LpDefense": 1
    },
    {
      "EnglishName": "Orc",
      "JapaneseName": "バルバロイ",
      "Category": "Wildling",
      "Hp": 1258,
      "Lp": 3,
      "SlashDefense": 12,
      "HitDefense": 24,
      "PierceDefense": 12,
      "HeatDefense": 6,
      "ColdDefense": 6,
      "LightningDefense": 6,
      "LightDefense": 6,
      "LpDefense": 1
    },
    {
      "EnglishName": "Minoton (Unarmed)",
      "JapaneseName": "ミノトン(素手)",
      "Category": "Wildling",
      "Hp": 1945,
      "Lp": 3,
      "SlashDefense": 16,
      "HitDefense": 16,
      "PierceDefense": 16,
      "HeatDefense": 8,
      "ColdDefense": 8,
      "LightningDefense": 8,
      "LightDefense": 8,
      "LpDefense": 1
    },
    {
      "EnglishName": "Bogie",
      "JapaneseName": "イブリース",
      "Category": "Wildling",
      "Hp": 4195,
      "Lp": 2,
      "SlashDefense": 12,
      "HitDefense": 12,
      "PierceDefense": 12,
      "HeatDefense": 12,
      "ColdDefense": 12,
      "LightningDefense": 12,
      "LightDefense": 12,
      "LpDefense": 1
    },
    {
      "EnglishName": "Barbarus",
      "JapaneseName": "ヴァリアント",
      "Category": "Wildling",
      "Hp": 4945,
      "Lp": 3,
      "SlashDefense": 18,
      "HitDefense": 28,
      "PierceDefense": 18,
      "HeatDefense": 10,
      "ColdDefense": 10,
      "LightningDefense": 10,
      "LightDefense": 10,
      "LpDefense": 3
    },
    {
      "EnglishName": "Giant",
      "JapaneseName": "巨人",
      "Category": "Wildling",
      "Hp": 12550,
      "Lp": 12,
      "SlashDefense": 32,
      "HitDefense": 24,
      "PierceDefense": 32,
      "HeatDefense": 48,
      "ColdDefense": 48,
      "LightningDefense": 48,
      "LightDefense": 48,
      "LpDefense": 5
    },
    {
      "EnglishName": "Guardian",
      "JapaneseName": "ガーディアン",
      "Category": "Wildling",
      "Hp": 6128,
      "Lp": 7,
      "SlashDefense": 46,
      "HitDefense": 46,
      "PierceDefense": 46,
      "HeatDefense": 24,
      "ColdDefense": 24,
      "LightningDefense": 24,
      "LightDefense": 24,
      "LpDefense": 3
    },
    {
      "EnglishName": "Master Fencer",
      "JapaneseName": "マスターフェンサー",
      "Category": "Wildling",
      "Hp": 4444,
      "Lp": 5,
      "SlashDefense": 16,
      "HitDefense": 16,
      "PierceDefense": 16,
      "HeatDefense": 28,
      "ColdDefense": 16,
      "LightningDefense": 16,
      "LightDefense": 16,
      "LpDefense": 1
    },
    {
      "EnglishName": "Minoton (Axe)",
      "JapaneseName": "ミノトン(斧)",
      "Category": "Wildling",
      "Hp": 6484,
      "Lp": 9,
      "SlashDefense": 20,
      "HitDefense": 20,
      "PierceDefense": 20,
      "HeatDefense": 8,
      "ColdDefense": 8,
      "LightningDefense": 8,
      "LightDefense": 8,
      "LpDefense": 3
    },
    {
      "EnglishName": "Doubleheader (A)",
      "JapaneseName": "ツインバード(A)",
      "Category": "Bird",
      "Hp": 39,
      "Lp": 2,
      "SlashDefense": 4,
      "HitDefense": 4,
      "PierceDefense": 4,
      "HeatDefense": 4,
      "ColdDefense": 4,
      "LightningDefense": 4,
      "LightDefense": 4,
      "LpDefense": 0
    },
    {
      "EnglishName": "Doubleheader (B)",
      "JapaneseName": "ツインバード(B)",
      "Category": "Bird",
      "Hp": 46,
      "Lp": 2,
      "SlashDefense": 4,
      "HitDefense": 4,
      "PierceDefense": 4,
      "HeatDefense": 4,
      "ColdDefense": 4,
      "LightningDefense": 4,
      "LightDefense": 4,
      "LpDefense": 0
    },
    {
      "EnglishName": "White Windsor",
      "JapaneseName": "ホワイトウィンザー",
      "Category": "Bird",
      "Hp": 224,
      "Lp": 1,
      "SlashDefense": 8,
      "HitDefense": 8,
      "PierceDefense": 8,
      "HeatDefense": 4,
      "ColdDefense": 48,
      "LightningDefense": 4,
      "LightDefense": 4,
      "LpDefense": 2
    },
    {
      "EnglishName": "Peryton",
      "JapaneseName": "ペリュトン",
      "Category": "Bird",
      "Hp": 383,
      "Lp": 2,
      "SlashDefense": 8,
      "HitDefense": 8,
      "PierceDefense": 8,
      "HeatDefense": 8,
      "ColdDefense": 8,
      "LightningDefense": 8,
      "LightDefense": 8,
      "LpDefense": 0
    },
    {
      "EnglishName": "Wyvern",
      "JapaneseName": "ワイバーン",
      "Category": "Bird",
      "Hp": 620,
      "Lp": 3,
      "SlashDefense": 12,
      "HitDefense": 12,
      "PierceDefense": 12,
      "HeatDefense": 8,
      "ColdDefense": 8,
      "LightningDefense": 8,
      "LightDefense": 8,
      "LpDefense": 0
    },
    {
      "EnglishName": "Parahunter",
      "JapaneseName": "パラハンターズ",
      "Category": "Bird",
      "Hp": 1126,
      "Lp": 2,
      "SlashDefense": 8,
      "HitDefense": 8,
      "PierceDefense": 8,
      "HeatDefense": 8,
      "ColdDefense": 8,
      "LightningDefense": 8,
      "LightDefense": 8,
      "LpDefense": 0
    },
    {
      "EnglishName": "Red Windsor",
      "JapaneseName": "レッドウィンザー",
      "Category": "Bird",
      "Hp": 971,
      "Lp": 1,
      "SlashDefense": 12,
      "HitDefense": 12,
      "PierceDefense": 12,
      "HeatDefense": 48,
      "ColdDefense": 8,
      "LightningDefense": 8,
      "LightDefense": 8,
      "LpDefense": 2
    },
    {
      "EnglishName": "Perytia",
      "JapaneseName": "フライマンタ",
      "Category": "Bird",
      "Hp": 1964,
      "Lp": 1,
      "SlashDefense": 12,
      "HitDefense": 12,
      "PierceDefense": 12,
      "HeatDefense": 12,
      "ColdDefense": 12,
      "LightningDefense": 12,
      "LightDefense": 12,
      "LpDefense": 0
    },
    {
      "EnglishName": "Anka",
      "JapaneseName": "パラバニー",
      "Category": "Bird",
      "Hp": 5644,
      "Lp": 7,
      "SlashDefense": 12,
      "HitDefense": 12,
      "PierceDefense": 12,
      "HeatDefense": 48,
      "ColdDefense": 8,
      "LightningDefense": 8,
      "LightDefense": 8,
      "LpDefense": 3
    },
    {
      "EnglishName": "Dahanash",
      "JapaneseName": "ダハナシュ",
      "Category": "Bird",
      "Hp": 4010,
      "Lp": 9,
      "SlashDefense": 24,
      "HitDefense": 24,
      "PierceDefense": 24,
      "HeatDefense": 24,
      "ColdDefense": 24,
      "LightningDefense": 24,
      "LightDefense": 24,
      "LpDefense": 5
    },
    {
      "EnglishName": "Maane",
      "JapaneseName": "マアネジェット",
      "Category": "Bird",
      "Hp": 6200,
      "Lp": 1,
      "SlashDefense": 12,
      "HitDefense": 12,
      "PierceDefense": 12,
      "HeatDefense": 12,
      "ColdDefense": 12,
      "LightningDefense": 12,
      "LightDefense": 12,
      "LpDefense": 2
    },
    {
      "EnglishName": "Bird of Heaven",
      "JapaneseName": "天界の鳥",
      "Category": "Bird",
      "Hp": 4400,
      "Lp": 2,
      "SlashDefense": 12,
      "HitDefense": 12,
      "PierceDefense": 12,
      "HeatDefense": 12,
      "ColdDefense": 12,
      "LightningDefense": 12,
      "LightDefense": 12,
      "LpDefense": 1
    },
    {
      "EnglishName": "Anka",
      "JapaneseName": "ルフ",
      "Category": "Bird",
      "Hp": 5644,
      "Lp": 7,
      "SlashDefense": 12,
      "HitDefense": 12,
      "PierceDefense": 12,
      "HeatDefense": 48,
      "ColdDefense": 8,
      "LightningDefense": 8,
      "LightDefense": 8,
      "LpDefense": 2
    },
    {
      "EnglishName": "Thornfly",
      "JapaneseName": "棘虫",
      "Category": "Insect",
      "Hp": 48,
      "Lp": 1,
      "SlashDefense": 2,
      "HitDefense": 2,
      "PierceDefense": 2,
      "HeatDefense": 4,
      "ColdDefense": 4,
      "LightningDefense": 4,
      "LightDefense": 4,
      "LpDefense": 0
    },
    {
      "EnglishName": "Crawler",
      "JapaneseName": "食肉虫",
      "Category": "Insect",
      "Hp": 116,
      "Lp": 1,
      "SlashDefense": 4,
      "HitDefense": 4,
      "PierceDefense": 4,
      "HeatDefense": 4,
      "ColdDefense": 4,
      "LightningDefense": 4,
      "LightDefense": 4,
      "LpDefense": 0
    },
    {
      "EnglishName": "Drone",
      "JapaneseName": "バトルドローン",
      "Category": "Insect",
      "Hp": 231,
      "Lp": 1,
      "SlashDefense": 4,
      "HitDefense": 4,
      "PierceDefense": 4,
      "HeatDefense": 4,
      "ColdDefense": 4,
      "LightningDefense": 4,
      "LightDefense": 4,
      "LpDefense": 0
    },
    {
      "EnglishName": "Hellspider",
      "JapaneseName": "ヘルスパイダー",
      "Category": "Insect",
      "Hp": 474,
      "Lp": 1,
      "SlashDefense": 8,
      "HitDefense": 8,
      "PierceDefense": 8,
      "HeatDefense": 4,
      "ColdDefense": 4,
      "LightningDefense": 4,
      "LightDefense": 4,
      "LpDefense": 0
    },
    {
      "EnglishName": "Sword Beetle",
      "JapaneseName": "ソードビートル",
      "Category": "Insect",
      "Hp": 725,
      "Lp": 2,
      "SlashDefense": 16,
      "HitDefense": 8,
      "PierceDefense": 16,
      "HeatDefense": 4,
      "ColdDefense": 4,
      "LightningDefense": 4,
      "LightDefense": 4,
      "LpDefense": 0
    },
    {
      "EnglishName": "Carrion Spider",
      "JapaneseName": "キャリオンスパイダー",
      "Category": "Insect",
      "Hp": 931,
      "Lp": 1,
      "SlashDefense": 6,
      "HitDefense": 6,
      "PierceDefense": 6,
      "HeatDefense": 6,
      "ColdDefense": 6,
      "LightningDefense": 6,
      "LightDefense": 6,
      "LpDefense": 0
    },
    {
      "EnglishName": "Carrionfly",
      "JapaneseName": "骸虫",
      "Category": "Insect",
      "Hp": 1170,
      "Lp": 1,
      "SlashDefense": 4,
      "HitDefense": 4,
      "PierceDefense": 4,
      "HeatDefense": 8,
      "ColdDefense": 8,
      "LightningDefense": 8,
      "LightDefense": 8,
      "LpDefense": 0
    },
    {
      "EnglishName": "Orb Crawler",
      "JapaneseName": "マザーボーラー",
      "Category": "Insect",
      "Hp": 4630,
      "Lp": 4,
      "SlashDefense": 8,
      "HitDefense": 24,
      "PierceDefense": 8,
      "HeatDefense": 8,
      "ColdDefense": 8,
      "LightningDefense": 8,
      "LightDefense": 8,
      "LpDefense": 2
    },
    {
      "EnglishName": "Lancer Beetle",
      "JapaneseName": "アーマーランサー",
      "Category": "Insect",
      "Hp": 2762,
      "Lp": 5,
      "SlashDefense": 24,
      "HitDefense": 8,
      "PierceDefense": 24,
      "HeatDefense": 8,
      "ColdDefense": 8,
      "LightningDefense": 8,
      "LightDefense": 8,
      "LpDefense": 3
    },
    {
      "EnglishName": "Drone Protector",
      "JapaneseName": "殺人蜂・武蔵",
      "Category": "Insect",
      "Hp": 7174,
      "Lp": 7,
      "SlashDefense": 24,
      "HitDefense": 24,
      "PierceDefense": 24,
      "HeatDefense": 24,
      "ColdDefense": 24,
      "LightningDefense": 24,
      "LightDefense": 24,
      "LpDefense": 5
    },
    {
      "EnglishName": "Giant Drone",
      "JapaneseName": "ワスプキャリアー",
      "Category": "Insect",
      "Hp": 14431,
      "Lp": 7,
      "SlashDefense": 24,
      "HitDefense": 24,
      "PierceDefense": 24,
      "HeatDefense": 24,
      "ColdDefense": 24,
      "LightningDefense": 24,
      "LightDefense": 24,
      "LpDefense": 2
    },
    {
      "EnglishName": "Strangler (A)",
      "JapaneseName": "デモンローズ(A)",
      "Category": "Vegeplast",
      "Hp": 93,
      "Lp": 1,
      "SlashDefense": 2,
      "HitDefense": 2,
      "PierceDefense": 2,
      "HeatDefense": 2,
      "ColdDefense": 12,
      "LightningDefense": 8,
      "LightDefense": 16,
      "LpDefense": 0
    },
    {
      "EnglishName": "Strangler (B)",
      "JapaneseName": "デモンローズ(B)",
      "Category": "Vegeplast",
      "Hp": 96,
      "Lp": 1,
      "SlashDefense": 3,
      "HitDefense": 3,
      "PierceDefense": 3,
      "HeatDefense": 2,
      "ColdDefense": 12,
      "LightningDefense": 8,
      "LightDefense": 16,
      "LpDefense": 0
    },
    {
      "EnglishName": "Shroomer",
      "JapaneseName": "フリーローダー",
      "Category": "Vegeplast",
      "Hp": 291,
      "Lp": 1,
      "SlashDefense": 2,
      "HitDefense": 8,
      "PierceDefense": 2,
      "HeatDefense": 2,
      "ColdDefense": 12,
      "LightningDefense": 8,
      "LightDefense": 16,
      "LpDefense": 1
    },
    {
      "EnglishName": "Seedfly",
      "JapaneseName": "フライシード",
      "Category": "Vegeplast",
      "Hp": 355,
      "Lp": 1,
      "SlashDefense": 4,
      "HitDefense": 4,
      "PierceDefense": 4,
      "HeatDefense": 2,
      "ColdDefense": 12,
      "LightningDefense": 18,
      "LightDefense": 18,
      "LpDefense": 2
    },
    {
      "EnglishName": "Bartendus",
      "JapaneseName": "バーメイド",
      "Category": "Vegeplast",
      "Hp": 837,
      "Lp": 2,
      "SlashDefense": 4,
      "HitDefense": 4,
      "PierceDefense": 4,
      "HeatDefense": 2,
      "ColdDefense": 12,
      "LightningDefense": 8,
      "LightDefense": 16,
      "LpDefense": 0
    },
    {
      "EnglishName": "Gatorgrass",
      "JapaneseName": "グラスゲーター",
      "Category": "Vegeplast",
      "Hp": 2838,
      "Lp": 3,
      "SlashDefense": 6,
      "HitDefense": 6,
      "PierceDefense": 6,
      "HeatDefense": 2,
      "ColdDefense": 12,
      "LightningDefense": 8,
      "LightDefense": 16,
      "LpDefense": 1
    },
    {
      "EnglishName": "Shroomest",
      "JapaneseName": "スマイリーポップ",
      "Category": "Vegeplast",
      "Hp": 1748,
      "Lp": 1,
      "SlashDefense": 4,
      "HitDefense": 12,
      "PierceDefense": 4,
      "HeatDefense": 2,
      "ColdDefense": 12,
      "LightningDefense": 8,
      "LightDefense": 16,
      "LpDefense": 1
    },
    {
      "EnglishName": "Sayena",
      "JapaneseName": "霊樹サエーナ",
      "Category": "Vegeplast",
      "Hp": 4632,
      "Lp": 3,
      "SlashDefense": 12,
      "HitDefense": 12,
      "PierceDefense": 12,
      "HeatDefense": 2,
      "ColdDefense": 12,
      "LightningDefense": 8,
      "LightDefense": 16,
      "LpDefense": 3
    },
    {
      "EnglishName": "Mimic",
      "JapaneseName": "ミミック",
      "Category": "Vegeplast",
      "Hp": 5005,
      "Lp": 3,
      "SlashDefense": 8,
      "HitDefense": 8,
      "PierceDefense": 8,
      "HeatDefense": 2,
      "ColdDefense": 12,
      "LightningDefense": 8,
      "LightDefense": 16,
      "LpDefense": 3
    },
    {
      "EnglishName": "Dragoneater",
      "JapaneseName": "ドラコゲーター",
      "Category": "Vegeplast",
      "Hp": 10513,
      "Lp": 5,
      "SlashDefense": 12,
      "HitDefense": 12,
      "PierceDefense": 12,
      "HeatDefense": 24,
      "ColdDefense": 2,
      "LightningDefense": 8,
      "LightDefense": 16,
      "LpDefense": 4
    },
    {
      "EnglishName": "Gatorgrass",
      "JapaneseName": "根なし草",
      "Category": "Vegeplast",
      "Hp": 3313,
      "Lp": 3,
      "SlashDefense": 6,
      "HitDefense": 6,
      "PierceDefense": 6,
      "HeatDefense": 2,
      "ColdDefense": 12,
      "LightningDefense": 8,
      "LightDefense": 16,
      "LpDefense": 2
    },
    {
      "EnglishName": "Piranha",
      "JapaneseName": "人食い魚",
      "Category": "Aquan",
      "Hp": 82,
      "Lp": 1,
      "SlashDefense": 4,
      "HitDefense": 4,
      "PierceDefense": 4,
      "HeatDefense": 4,
      "ColdDefense": 4,
      "LightningDefense": 2,
      "LightDefense": 6,
      "LpDefense": 0
    },
    {
      "EnglishName": "Dulhan",
      "JapaneseName": "ダルハーン",
      "Category": "Aquan",
      "Hp": 108,
      "Lp": 1,
      "SlashDefense": 8,
      "HitDefense": 8,
      "PierceDefense": 8,
      "HeatDefense": 4,
      "ColdDefense": 4,
      "LightningDefense": 2,
      "LightDefense": 6,
      "LpDefense": 0
    },
    {
      "EnglishName": "Croaker",
      "JapaneseName": "クローカー",
      "Category": "Aquan",
      "Hp": 211,
      "Lp": 1,
      "SlashDefense": 8,
      "HitDefense": 8,
      "PierceDefense": 8,
      "HeatDefense": 4,
      "ColdDefense": 4,
      "LightningDefense": 2,
      "LightDefense": 6,
      "LpDefense": 0
    },
    {
      "EnglishName": "Blowshark",
      "JapaneseName": "ブローシャーク",
      "Category": "Aquan",
      "Hp": 471,
      "Lp": 2,
      "SlashDefense": 8,
      "HitDefense": 12,
      "PierceDefense": 8,
      "HeatDefense": 4,
      "ColdDefense": 4,
      "LightningDefense": 2,
      "LightDefense": 6,
      "LpDefense": 0
    },
    {
      "EnglishName": "Titan Crab (A)",
      "JapaneseName": "クラブマン(A)",
      "Category": "Aquan",
      "Hp": 697,
      "Lp": 3,
      "SlashDefense": 18,
      "HitDefense": 10,
      "PierceDefense": 18,
      "HeatDefense": 4,
      "ColdDefense": 4,
      "LightningDefense": 2,
      "LightDefense": 6,
      "LpDefense": 0
    },
    {
      "EnglishName": "Aspidochelone",
      "JapaneseName": "アスピドケロン",
      "Category": "Aquan",
      "Hp": 1178,
      "Lp": 5,
      "SlashDefense": 16,
      "HitDefense": 10,
      "PierceDefense": 16,
      "HeatDefense": 4,
      "ColdDefense": 4,
      "LightningDefense": 2,
      "LightDefense": 6,
      "LpDefense": 2
    },
    {
      "EnglishName": "Salanhan",
      "JapaneseName": "ザランハーン",
      "Category": "Aquan",
      "Hp": 1494,
      "Lp": 1,
      "SlashDefense": 8,
      "HitDefense": 12,
      "PierceDefense": 8,
      "HeatDefense": 4,
      "ColdDefense": 4,
      "LightningDefense": 2,
      "LightDefense": 8,
      "LpDefense": 1
    },
    {
      "EnglishName": "Black Blowshark",
      "JapaneseName": "逆叉の王",
      "Category": "Aquan",
      "Hp": 2247,
      "Lp": 3,
      "SlashDefense": 8,
      "HitDefense": 12,
      "PierceDefense": 8,
      "HeatDefense": 4,
      "ColdDefense": 4,
      "LightningDefense": 2,
      "LightDefense": 8,
      "LpDefense": 1
    },
    {
      "EnglishName": "Croaker Mage",
      "JapaneseName": "ウィッチクローカー",
      "Category": "Aquan",
      "Hp": 3218,
      "Lp": 1,
      "SlashDefense": 8,
      "HitDefense": 10,
      "PierceDefense": 8,
      "HeatDefense": 8,
      "ColdDefense": 8,
      "LightningDefense": 2,
      "LightDefense": 24,
      "LpDefense": 1
    },
    {
      "EnglishName": "Amemit (A)",
      "JapaneseName": "アメミット",
      "Category": "Aquan",
      "Hp": 9088,
      "Lp": 4,
      "SlashDefense": 30,
      "HitDefense": 20,
      "PierceDefense": 30,
      "HeatDefense": 6,
      "ColdDefense": 18,
      "LightningDefense": 2,
      "LightDefense": 24,
      "LpDefense": 4
    },
    {
      "EnglishName": "Amemit (B)",
      "JapaneseName": "玄鬼",
      "Category": "Aquan",
      "Hp": 14229,
      "Lp": 4,
      "SlashDefense": 30,
      "HitDefense": 20,
      "PierceDefense": 30,
      "HeatDefense": 6,
      "ColdDefense": 18,
      "LightningDefense": 2,
      "LightDefense": 24,
      "LpDefense": 4
    },
    {
      "EnglishName": "Bully Croaker",
      "JapaneseName": "ストロングクローカー",
      "Category": "Aquan",
      "Hp": 2064,
      "Lp": 3,
      "SlashDefense": 10,
      "HitDefense": 16,
      "PierceDefense": 10,
      "HeatDefense": 12,
      "ColdDefense": 12,
      "LightningDefense": 2,
      "LightDefense": 16,
      "LpDefense": 1
    },
    {
      "EnglishName": "Leviathan",
      "JapaneseName": "ファスティトカロン",
      "Category": "Aquan",
      "Hp": 11178,
      "Lp": 10,
      "SlashDefense": 18,
      "HitDefense": 10,
      "PierceDefense": 18,
      "HeatDefense": 6,
      "ColdDefense": 6,
      "LightningDefense": 2,
      "LightDefense": 8,
      "LpDefense": 3
    },
    {
      "EnglishName": "Glutton Fish",
      "JapaneseName": "大食い魚",
      "Category": "Aquan",
      "Hp": 882,
      "Lp": 3,
      "SlashDefense": 6,
      "HitDefense": 6,
      "PierceDefense": 6,
      "HeatDefense": 6,
      "ColdDefense": 6,
      "LightningDefense": 3,
      "LightDefense": 8,
      "LpDefense": 1
    },
    {
      "EnglishName": "Jestor",
      "JapaneseName": "式魔",
      "Category": "Demon",
      "Hp": 89,
      "Lp": 1,
      "SlashDefense": 4,
      "HitDefense": 4,
      "PierceDefense": 4,
      "HeatDefense": 6,
      "ColdDefense": 6,
      "LightningDefense": 6,
      "LightDefense": 8,
      "LpDefense": 0
    },
    {
      "EnglishName": "Demontome: Elementary",
      "JapaneseName": "魔本・入門篇",
      "Category": "Demon",
      "Hp": 210,
      "Lp": 1,
      "SlashDefense": 8,
      "HitDefense": 8,
      "PierceDefense": 8,
      "HeatDefense": 4,
      "ColdDefense": 4,
      "LightningDefense": 6,
      "LightDefense": 8,
      "LpDefense": 0
    },
    {
      "EnglishName": "Evil Eye",
      "JapaneseName": "魔眼",
      "Category": "Demon",
      "Hp": 334,
      "Lp": 2,
      "SlashDefense": 8,
      "HitDefense": 8,
      "PierceDefense": 8,
      "HeatDefense": 4,
      "ColdDefense": 4,
      "LightningDefense": 6,
      "LightDefense": 8,
      "LpDefense": 1
    },
    {
      "EnglishName": "Earth Elemental",
      "JapaneseName": "土の精霊",
      "Category": "Demon",
      "Hp": 518,
      "Lp": 3,
      "SlashDefense": 8,
      "HitDefense": 8,
      "PierceDefense": 8,
      "HeatDefense": 4,
      "ColdDefense": 4,
      "LightningDefense": 6,
      "LightDefense": 8,
      "LpDefense": 0
    },
    {
      "EnglishName": "Jestor X",
      "JapaneseName": "解放式魔",
      "Category": "Demon",
      "Hp": 809,
      "Lp": 3,
      "SlashDefense": 8,
      "HitDefense": 8,
      "PierceDefense": 8,
      "HeatDefense": 4,
      "ColdDefense": 4,
      "LightningDefense": 6,
      "LightDefense": 8,
      "LpDefense": 0
    },
    {
      "EnglishName": "Jamu",
      "JapaneseName": "ジャムフラシュ",
      "Category": "Demon",
      "Hp": 1316,
      "Lp": 5,
      "SlashDefense": 8,
      "HitDefense": 8,
      "PierceDefense": 8,
      "HeatDefense": 4,
      "ColdDefense": 4,
      "LightningDefense": 12,
      "LightDefense": 16,
      "LpDefense": 2
    },
    {
      "EnglishName": "Satanachia",
      "JapaneseName": "サタナキア",
      "Category": "Demon",
      "Hp": 3986,
      "Lp": 7,
      "SlashDefense": 8,
      "HitDefense": 8,
      "PierceDefense": 8,
      "HeatDefense": 32,
      "ColdDefense": 16,
      "LightningDefense": 16,
      "LightDefense": 24,
      "LpDefense": 3
    },
    {
      "EnglishName": "Gold Spirit",
      "JapaneseName": "金の精霊",
      "Category": "Demon",
      "Hp": 2569,
      "Lp": 2,
      "SlashDefense": 8,
      "HitDefense": 8,
      "PierceDefense": 8,
      "HeatDefense": 8,
      "ColdDefense": 8,
      "LightningDefense": 2,
      "LightDefense": 8,
      "LpDefense": 1
    },
    {
      "EnglishName": "Dullahan",
      "JapaneseName": "デュラハン",
      "Category": "Demon",
      "Hp": 7943,
      "Lp": 4,
      "SlashDefense": 16,
      "HitDefense": 12,
      "PierceDefense": 12,
      "HeatDefense": 4,
      "ColdDefense": 8,
      "LightningDefense": 8,
      "LightDefense": 8,
      "LpDefense": 4
    },
    {
      "EnglishName": "Tagut (A)",
      "JapaneseName": "邪神ターグート(A)",
      "Category": "Demon",
      "Hp": 16174,
      "Lp": 7,
      "SlashDefense": 16,
      "HitDefense": 16,
      "PierceDefense": 16,
      "HeatDefense": 18,
      "ColdDefense": 12,
      "LightningDefense": 24,
      "LightDefense": 24,
      "LpDefense": 5
    },
    {
      "EnglishName": "Jestor Y",
      "JapaneseName": "ルナティカン",
      "Category": "Demon",
      "Hp": 3007,
      "Lp": 4,
      "SlashDefense": 8,
      "HitDefense": 8,
      "PierceDefense": 8,
      "HeatDefense": 4,
      "ColdDefense": 4,
      "LightningDefense": 6,
      "LightDefense": 8,
      "LpDefense": 0
    },
    {
      "EnglishName": "Satanachia",
      "JapaneseName": "ロアリングデーモン",
      "Category": "Demon",
      "Hp": 4444,
      "Lp": 7,
      "SlashDefense": 8,
      "HitDefense": 8,
      "PierceDefense": 8,
      "HeatDefense": 4,
      "ColdDefense": 4,
      "LightningDefense": 6,
      "LightDefense": 16,
      "LpDefense": 0
    },
    {
      "EnglishName": "Demontome: Advanced",
      "JapaneseName": "魔本・免許皆伝",
      "Category": "Demon",
      "Hp": 611,
      "Lp": 2,
      "SlashDefense": 8,
      "HitDefense": 8,
      "PierceDefense": 8,
      "HeatDefense": 4,
      "ColdDefense": 4,
      "LightningDefense": 6,
      "LightDefense": 8,
      "LpDefense": 0
    },
    {
      "EnglishName": "Demontome: Master",
      "JapaneseName": "魔本・免許皆伝",
      "Category": "Demon",
      "Hp": 3313,
      "Lp": 2,
      "SlashDefense": 8,
      "HitDefense": 8,
      "PierceDefense": 8,
      "HeatDefense": 4,
      "ColdDefense": 4,
      "LightningDefense": 6,
      "LightDefense": 8,
      "LpDefense": 0
    },
    {
      "EnglishName": "Magma Spirit",
      "JapaneseName": "溶岩の精霊",
      "Category": "Demon",
      "Hp": 2511,
      "Lp": 3,
      "SlashDefense": 8,
      "HitDefense": 8,
      "PierceDefense": 8,
      "HeatDefense": 4,
      "ColdDefense": 4,
      "LightningDefense": 6,
      "LightDefense": 8,
      "LpDefense": 0
    },
    {
      "EnglishName": "Hermit Eye",
      "JapaneseName": "ハミットアイ",
      "Category": "Undead",
      "Hp": 119,
      "Lp": 1,
      "SlashDefense": 6,
      "HitDefense": 2,
      "PierceDefense": 6,
      "HeatDefense": 2,
      "ColdDefense": 8,
      "LightningDefense": 4,
      "LightDefense": 4,
      "LpDefense": 1
    },
    {
      "EnglishName": "Skeleton",
      "JapaneseName": "スケルトン",
      "Category": "Undead",
      "Hp": 296,
      "Lp": 1,
      "SlashDefense": 10,
      "HitDefense": 2,
      "PierceDefense": 24,
      "HeatDefense": 2,
      "ColdDefense": 12,
      "LightningDefense": 4,
      "LightDefense": 8,
      "LpDefense": 1
    },
    {
      "EnglishName": "Pinhut",
      "JapaneseName": "ピー",
      "Category": "Undead",
      "Hp": 308,
      "Lp": 1,
      "SlashDefense": 8,
      "HitDefense": 24,
      "PierceDefense": 8,
      "HeatDefense": 2,
      "ColdDefense": 12,
      "LightningDefense": 4,
      "LightDefense": 8,
      "LpDefense": 1
    },
    {
      "EnglishName": "Ghoul",
      "JapaneseName": "グール",
      "Category": "Undead",
      "Hp": 422,
      "Lp": 1,
      "SlashDefense": 8,
      "HitDefense": 8,
      "PierceDefense": 8,
      "HeatDefense": 2,
      "ColdDefense": 12,
      "LightningDefense": 4,
      "LightDefense": 8,
      "LpDefense": 1
    },
    {
      "EnglishName": "Balloonhead",
      "JapaneseName": "ヘッドルーム",
      "Category": "Undead",
      "Hp": 792,
      "Lp": 1,
      "SlashDefense": 10,
      "HitDefense": 4,
      "PierceDefense": 16,
      "HeatDefense": 2,
      "ColdDefense": 12,
      "LightningDefense": 4,
      "LightDefense": 8,
      "LpDefense": 1
    },
    {
      "EnglishName": "Skull Crawler",
      "JapaneseName": "スカルクロウラー",
      "Category": "Undead",
      "Hp": 994,
      "Lp": 1,
      "SlashDefense": 12,
      "HitDefense": 8,
      "PierceDefense": 12,
      "HeatDefense": 2,
      "ColdDefense": 16,
      "LightningDefense": 4,
      "LightDefense": 8,
      "LpDefense": 2
    },
    {
      "EnglishName": "Pekkan",
      "JapaneseName": "ナッツ",
      "Category": "Undead",
      "Hp": 1424,
      "Lp": 1,
      "SlashDefense": 12,
      "HitDefense": 32,
      "PierceDefense": 12,
      "HeatDefense": 2,
      "ColdDefense": 12,
      "LightningDefense": 4,
      "LightDefense": 8,
      "LpDefense": 2
    },
    {
      "EnglishName": "Greed",
      "JapaneseName": "グリード",
      "Category": "Undead",
      "Hp": 2848,
      "Lp": 5,
      "SlashDefense": 6,
      "HitDefense": 6,
      "PierceDefense": 6,
      "HeatDefense": 2,
      "ColdDefense": 24,
      "LightningDefense": 16,
      "LightDefense": 16,
      "LpDefense": 3
    },
    {
      "EnglishName": "Lich",
      "JapaneseName": "ディープスペクター",
      "Category": "Undead",
      "Hp": 6641,
      "Lp": 9,
      "SlashDefense": 16,
      "HitDefense": 16,
      "PierceDefense": 16,
      "HeatDefense": 8,
      "ColdDefense": 48,
      "LightningDefense": 32,
      "LightDefense": 32,
      "LpDefense": 4
    },
    {
      "EnglishName": "Edgelord",
      "JapaneseName": "武神",
      "Category": "Undead",
      "Hp": 4051,
      "Lp": 6,
      "SlashDefense": 32,
      "HitDefense": 6,
      "PierceDefense": 48,
      "HeatDefense": 4,
      "ColdDefense": 24,
      "LightningDefense": 16,
      "LightDefense": 24,
      "LpDefense": 5
    },
    {
      "EnglishName": "Cosmic Sage (Lich)",
      "JapaneseName": "コスミックセージ",
      "Category": "Undead",
      "Hp": 4989,
      "Lp": 9,
      "SlashDefense": 16,
      "HitDefense": 16,
      "PierceDefense": 16,
      "HeatDefense": 2,
      "ColdDefense": 12,
      "LightningDefense": 24,
      "LightDefense": 24,
      "LpDefense": 4
    },
    {
      "EnglishName": "Slime (1)",
      "JapaneseName": "スライム(1)",
      "Category": "Slime",
      "Hp": 64,
      "Lp": 1,
      "SlashDefense": 24,
      "HitDefense": 64,
      "PierceDefense": 18,
      "HeatDefense": 2,
      "ColdDefense": 12,
      "LightningDefense": 4,
      "LightDefense": 4,
      "LpDefense": 3
    },
    {
      "EnglishName": "Slime (2)",
      "JapaneseName": "スライム(2)",
      "Category": "Slime",
      "Hp": 93,
      "Lp": 1,
      "SlashDefense": 24,
      "HitDefense": 64,
      "PierceDefense": 18,
      "HeatDefense": 2,
      "ColdDefense": 12,
      "LightningDefense": 4,
      "LightDefense": 4,
      "LpDefense": 3
    },
    {
      "EnglishName": "Slime (3)",
      "JapaneseName": "スライム(3)",
      "Category": "Slime",
      "Hp": 144,
      "Lp": 1,
      "SlashDefense": 24,
      "HitDefense": 64,
      "PierceDefense": 18,
      "HeatDefense": 2,
      "ColdDefense": 12,
      "LightningDefense": 4,
      "LightDefense": 4,
      "LpDefense": 3
    },
    {
      "EnglishName": "Slime (4)",
      "JapaneseName": "スライム(4)",
      "Category": "Slime",
      "Hp": 371,
      "Lp": 1,
      "SlashDefense": 24,
      "HitDefense": 64,
      "PierceDefense": 18,
      "HeatDefense": 2,
      "ColdDefense": 12,
      "LightningDefense": 4,
      "LightDefense": 4,
      "LpDefense": 3
    },
    {
      "EnglishName": "Slime (5)",
      "JapaneseName": "スライム(5)",
      "Category": "Slime",
      "Hp": 625,
      "Lp": 1,
      "SlashDefense": 24,
      "HitDefense": 64,
      "PierceDefense": 18,
      "HeatDefense": 2,
      "ColdDefense": 12,
      "LightningDefense": 4,
      "LightDefense": 4,
      "LpDefense": 3
    },
    {
      "EnglishName": "Slime (6)",
      "JapaneseName": "スライム(6)",
      "Category": "Slime",
      "Hp": 1069,
      "Lp": 2,
      "SlashDefense": 24,
      "HitDefense": 64,
      "PierceDefense": 18,
      "HeatDefense": 2,
      "ColdDefense": 12,
      "LightningDefense": 4,
      "LightDefense": 4,
      "LpDefense": 3
    },
    {
      "EnglishName": "Slime (7)",
      "JapaneseName": "スライム(7)",
      "Category": "Slime",
      "Hp": 1618,
      "Lp": 2,
      "SlashDefense": 32,
      "HitDefense": 64,
      "PierceDefense": 18,
      "HeatDefense": 2,
      "ColdDefense": 12,
      "LightningDefense": 4,
      "LightDefense": 4,
      "LpDefense": 3
    },
    {
      "EnglishName": "Slime (8)",
      "JapaneseName": "スライム(8)",
      "Category": "Slime",
      "Hp": 2343,
      "Lp": 3,
      "SlashDefense": 32,
      "HitDefense": 64,
      "PierceDefense": 18,
      "HeatDefense": 2,
      "ColdDefense": 12,
      "LightningDefense": 4,
      "LightDefense": 4,
      "LpDefense": 3
    },
    {
      "EnglishName": "Slime (9)",
      "JapaneseName": "スライム(9)",
      "Category": "Slime",
      "Hp": 3627,
      "Lp": 3,
      "SlashDefense": 32,
      "HitDefense": 64,
      "PierceDefense": 18,
      "HeatDefense": 2,
      "ColdDefense": 12,
      "LightningDefense": 4,
      "LightDefense": 4,
      "LpDefense": 3
    },
    {
      "EnglishName": "Slime (10)",
      "JapaneseName": "スライム(10)",
      "Category": "Slime",
      "Hp": 5055,
      "Lp": 3,
      "SlashDefense": 32,
      "HitDefense": 64,
      "PierceDefense": 18,
      "HeatDefense": 2,
      "ColdDefense": 12,
      "LightningDefense": 4,
      "LightDefense": 4,
      "LpDefense": 3
    },
    {
      "EnglishName": "Treasure Slime (Green)",
      "JapaneseName": "トレジャースライム(緑)",
      "Category": "Slime",
      "Hp": 949,
      "Lp": 1,
      "SlashDefense": 24,
      "HitDefense": 48,
      "PierceDefense": 18,
      "HeatDefense": 2,
      "ColdDefense": 12,
      "LightningDefense": 4,
      "LightDefense": 4,
      "LpDefense": 2
    },
    {
      "EnglishName": "Treasure Slime (Red)",
      "JapaneseName": "トレジャースライム(赤)",
      "Category": "Slime",
      "Hp": 949,
      "Lp": 1,
      "SlashDefense": 24,
      "HitDefense": 48,
      "PierceDefense": 18,
      "HeatDefense": 2,
      "ColdDefense": 12,
      "LightningDefense": 4,
      "LightDefense": 4,
      "LpDefense": 2
    },
    {
      "EnglishName": "Treasure Slime (Yellow)",
      "JapaneseName": "トレジャースライム(黄)",
      "Category": "Slime",
      "Hp": 949,
      "Lp": 1,
      "SlashDefense": 24,
      "HitDefense": 48,
      "PierceDefense": 18,
      "HeatDefense": 2,
      "ColdDefense": 12,
      "LightningDefense": 4,
      "LightDefense": 4,
      "LpDefense": 3
    },
    {
      "EnglishName": "Elder Dragon (Black)",
      "JapaneseName": "エルダードラゴン(黒)",
      "Category": "Dragon",
      "Hp": 2546,
      "Lp": 6,
      "SlashDefense": 26,
      "HitDefense": 20,
      "PierceDefense": 20,
      "HeatDefense": 16,
      "ColdDefense": 16,
      "LightningDefense": 16,
      "LightDefense": 32,
      "LpDefense": 2
    },
    {
      "EnglishName": "Elder Dragon (White)",
      "JapaneseName": "エルダードラゴン(白)",
      "Category": "Dragon",
      "Hp": 2791,
      "Lp": 6,
      "SlashDefense": 26,
      "HitDefense": 20,
      "PierceDefense": 20,
      "HeatDefense": 16,
      "ColdDefense": 88,
      "LightningDefense": 16,
      "LightDefense": 16,
      "LpDefense": 2
    },
    {
      "EnglishName": "Elder Dragon (White, Judy)",
      "JapaneseName": "エルダードラゴン(白, ジュディ)",
      "Category": "Dragon",
      "Hp": 2791,
      "Lp": 10,
      "SlashDefense": 26,
      "HitDefense": 20,
      "PierceDefense": 20,
      "HeatDefense": 16,
      "ColdDefense": 88,
      "LightningDefense": 16,
      "LightDefense": 16,
      "LpDefense": 1
    },
    {
      "EnglishName": "Wyvern",
      "JapaneseName": "ワイバーン",
      "Category": "Dragon",
      "Hp": 3515,
      "Lp": 4,
      "SlashDefense": 18,
      "HitDefense": 16,
      "PierceDefense": 16,
      "HeatDefense": 16,
      "ColdDefense": 16,
      "LightningDefense": 4,
      "LightDefense": 16,
      "LpDefense": 2
    },
    {
      "EnglishName": "Elder Dragon (Green)",
      "JapaneseName": "エルダードラゴン(緑)",
      "Category": "Dragon",
      "Hp": 3022,
      "Lp": 8,
      "SlashDefense": 26,
      "HitDefense": 20,
      "PierceDefense": 20,
      "HeatDefense": 12,
      "ColdDefense": 12,
      "LightningDefense": 12,
      "LightDefense": 32,
      "LpDefense": 3
    },
    {
      "EnglishName": "Magiwinger",
      "JapaneseName": "マギウィンガー",
      "Category": "Dragon",
      "Hp": 5139,
      "Lp": 9,
      "SlashDefense": 32,
      "HitDefense": 24,
      "PierceDefense": 24,
      "HeatDefense": 24,
      "ColdDefense": 24,
      "LightningDefense": 24,
      "LightDefense": 24,
      "LpDefense": 2
    },
    {
      "EnglishName": "Elder Dragon (Blue)",
      "JapaneseName": "エルダードラゴン(青)",
      "Category": "Dragon",
      "Hp": 6031,
      "Lp": 8,
      "SlashDefense": 32,
      "HitDefense": 24,
      "PierceDefense": 24,
      "HeatDefense": 12,
      "ColdDefense": 12,
      "LightningDefense": 88,
      "LightDefense": 12,
      "LpDefense": 3
    },
    {
      "EnglishName": "Arcwinger",
      "JapaneseName": "アークウィンガー",
      "Category": "Dragon",
      "Hp": 6576,
      "Lp": 6,
      "SlashDefense": 24,
      "HitDefense": 18,
      "PierceDefense": 18,
      "HeatDefense": 16,
      "ColdDefense": 16,
      "LightningDefense": 4,
      "LightDefense": 16,
      "LpDefense": 2
    },
    {
      "EnglishName": "Elder Dragon (Red)",
      "JapaneseName": "エルダードラゴン(赤)",
      "Category": "Dragon",
      "Hp": 7132,
      "Lp": 9,
      "SlashDefense": 36,
      "HitDefense": 28,
      "PierceDefense": 28,
      "HeatDefense": 88,
      "ColdDefense": 12,
      "LightningDefense": 12,
      "LightDefense": 28,
      "LpDefense": 3
    },
    {
      "EnglishName": "Elder Dragon (Gold)",
      "JapaneseName": "エルダードラゴン(金)",
      "Category": "Dragon",
      "Hp": 8992,
      "Lp": 9,
      "SlashDefense": 36,
      "HitDefense": 28,
      "PierceDefense": 28,
      "HeatDefense": 88,
      "ColdDefense": 88,
      "LightningDefense": 88,
      "LightDefense": 28,
      "LpDefense": 3
    },
    {
      "EnglishName": "Ajatar",
      "JapaneseName": "龍",
      "Category": "Dragon",
      "Hp": 2666,
      "Lp": 8,
      "SlashDefense": 24,
      "HitDefense": 16,
      "PierceDefense": 16,
      "HeatDefense": 16,
      "ColdDefense": 16,
      "LightningDefense": 64,
      "LightDefense": 32,
      "LpDefense": 3
    },
    {
      "EnglishName": "Ajatar (Laura)",
      "JapaneseName": "龍 (ローラ)",
      "Category": "Dragon",
      "Hp": 2444,
      "Lp": 8,
      "SlashDefense": 24,
      "HitDefense": 16,
      "PierceDefense": 16,
      "HeatDefense": 16,
      "ColdDefense": 16,
      "LightningDefense": 64,
      "LightDefense": 32,
      "LpDefense": 3
    },
    {
      "EnglishName": "Working Guckie",
      "JapaneseName": "ハタラキグッキー",
      "Category": "Unique",
      "Hp": 160,
      "Lp": 1,
      "SlashDefense": 8,
      "HitDefense": 8,
      "PierceDefense": 8,
      "HeatDefense": 4,
      "ColdDefense": 4,
      "LightningDefense": 4,
      "LightDefense": 4,
      "LpDefense": 0
    },
    {
      "EnglishName": "Soldier Guckie",
      "JapaneseName": "ヘイタイグッキー",
      "Category": "Unique",
      "Hp": 466,
      "Lp": 2,
      "SlashDefense": 8,
      "HitDefense": 8,
      "PierceDefense": 8,
      "HeatDefense": 4,
      "ColdDefense": 4,
      "LightningDefense": 4,
      "LightDefense": 4,
      "LpDefense": 0
    },
    {
      "EnglishName": "Mister Guckie",
      "JapaneseName": "トノサマグッキー",
      "Category": "Unique",
      "Hp": 1646,
      "Lp": 6,
      "SlashDefense": 8,
      "HitDefense": 8,
      "PierceDefense": 8,
      "HeatDefense": 4,
      "ColdDefense": 4,
      "LightningDefense": 4,
      "LightDefense": 4,
      "LpDefense": 0
    },
    {
      "EnglishName": "Samurai Guckie",
      "JapaneseName": "サムライグッキー",
      "Category": "Unique",
      "Hp": 3142,
      "Lp": 4,
      "SlashDefense": 8,
      "HitDefense": 8,
      "PierceDefense": 8,
      "HeatDefense": 4,
      "ColdDefense": 4,
      "LightningDefense": 4,
      "LightDefense": 4,
      "LpDefense": 0
    },
    {
      "EnglishName": "Gung-Ho Guckie",
      "JapaneseName": "トツゲキグッキー",
      "Category": "Unique",
      "Hp": 4923,
      "Lp": 1,
      "SlashDefense": 8,
      "HitDefense": 8,
      "PierceDefense": 8,
      "HeatDefense": 4,
      "ColdDefense": 4,
      "LightningDefense": 4,
      "LightDefense": 4,
      "LpDefense": 0
    },
    {
      "EnglishName": "Guckie (?)",
      "JapaneseName": "ジョウオウグッキー",
      "Category": "Unique",
      "Hp": 8046,
      "Lp": 6,
      "SlashDefense": 8,
      "HitDefense": 8,
      "PierceDefense": 8,
      "HeatDefense": 4,
      "ColdDefense": 4,
      "LightningDefense": 4,
      "LightDefense": 4,
      "LpDefense": 0
    },
    {
      "EnglishName": "Rainbow Guckie",
      "JapaneseName": "レインボーグッキー",
      "Category": "Unique",
      "Hp": 8000,
      "Lp": 44,
      "SlashDefense": 16,
      "HitDefense": 16,
      "PierceDefense": 16,
      "HeatDefense": 16,
      "ColdDefense": 16,
      "LightningDefense": 16,
      "LightDefense": 16,
      "LpDefense": 5
    },
    {
      "EnglishName": "Guckie God",
      "JapaneseName": "グッキーゴッド",
      "Category": "Unique",
      "Hp": 80,
      "Lp": 99,
      "SlashDefense": 16,
      "HitDefense": 16,
      "PierceDefense": 16,
      "HeatDefense": 16,
      "ColdDefense": 16,
      "LightningDefense": 16,
      "LightDefense": 16,
      "LpDefense": 5
    },
    {
      "EnglishName": "Razorfish",
      "JapaneseName": "ダンダーン",
      "Category": "Unique",
      "Hp": 482,
      "Lp": 2,
      "SlashDefense": 4,
      "HitDefense": 4,
      "PierceDefense": 4,
      "HeatDefense": 4,
      "ColdDefense": 4,
      "LightningDefense": 2,
      "LightDefense": 6,
      "LpDefense": 0
    },
    {
      "EnglishName": "Principle Razorfish",
      "JapaneseName": "ダンダダーン",
      "Category": "Unique",
      "Hp": 2199,
      "Lp": 3,
      "SlashDefense": 6,
      "HitDefense": 6,
      "PierceDefense": 6,
      "HeatDefense": 6,
      "ColdDefense": 6,
      "LightningDefense": 3,
      "LightDefense": 8,
      "LpDefense": 0
    },
    {
      "EnglishName": "Gellicle",
      "JapaneseName": "マッドテンタクラー",
      "Category": "Unique",
      "Hp": 3494,
      "Lp": 8,
      "SlashDefense": 8,
      "HitDefense": 16,
      "PierceDefense": 8,
      "HeatDefense": 2,
      "ColdDefense": 16,
      "LightningDefense": 2,
      "LightDefense": 16,
      "LpDefense": 4
    },
    {
      "EnglishName": "Pinhut Titus",
      "JapaneseName": "ビー・タイタス",
      "Category": "Unique",
      "Hp": 840,
      "Lp": 4,
      "SlashDefense": 12,
      "HitDefense": 20,
      "PierceDefense": 12,
      "HeatDefense": 2,
      "ColdDefense": 16,
      "LightningDefense": 6,
      "LightDefense": 12,
      "LpDefense": 0
    },
    {
      "EnglishName": "Assassin (Red)",
      "JapaneseName": "戦士(赤)",
      "Category": "Unique",
      "Hp": 316,
      "Lp": 3,
      "SlashDefense": 12,
      "HitDefense": 8,
      "PierceDefense": 10,
      "HeatDefense": 6,
      "ColdDefense": 6,
      "LightningDefense": 6,
      "LightDefense": 6,
      "LpDefense": 0
    },
    {
      "EnglishName": "Assassin (Blue)",
      "JapaneseName": "戦士(青)",
      "Category": "Unique",
      "Hp": 398,
      "Lp": 3,
      "SlashDefense": 12,
      "HitDefense": 8,
      "PierceDefense": 10,
      "HeatDefense": 6,
      "ColdDefense": 6,
      "LightningDefense": 6,
      "LightDefense": 6,
      "LpDefense": 0
    },
    {
      "EnglishName": "Assassin (Metal)",
      "JapaneseName": "戦士(金)",
      "Category": "Unique",
      "Hp": 392,
      "Lp": 3,
      "SlashDefense": 12,
      "HitDefense": 8,
      "PierceDefense": 10,
      "HeatDefense": 6,
      "ColdDefense": 6,
      "LightningDefense": 6,
      "LightDefense": 6,
      "LpDefense": 0
    },
    {
      "EnglishName": "Bandit",
      "JapaneseName": "山賊",
      "Category": "Unique",
      "Hp": 110,
      "Lp": 1,
      "SlashDefense": 8,
      "HitDefense": 8,
      "PierceDefense": 8,
      "HeatDefense": 4,
      "ColdDefense": 4,
      "LightningDefense": 4,
      "LightDefense": 4,
      "LpDefense": 1
    },
    {
      "EnglishName": "Anubito",
      "JapaneseName": "アヌビト",
      "Category": "Unique",
      "Hp": 323,
      "Lp": 6,
      "SlashDefense": 4,
      "HitDefense": 4,
      "PierceDefense": 4,
      "HeatDefense": 4,
      "ColdDefense": 4,
      "LightningDefense": 4,
      "LightDefense": 4,
      "LpDefense": 0
    },
    {
      "EnglishName": "Wyvern",
      "JapaneseName": "ワイバーン",
      "Category": "Unique",
      "Hp": 1631,
      "Lp": 5,
      "SlashDefense": 8,
      "HitDefense": 8,
      "PierceDefense": 8,
      "HeatDefense": 4,
      "ColdDefense": 4,
      "LightningDefense": 4,
      "LightDefense": 4,
      "LpDefense": 1
    },
    {
      "EnglishName": "Assassin",
      "JapaneseName": "兇戦士",
      "Category": "Unique",
      "Hp": 930,
      "Lp": 4,
      "SlashDefense": 16,
      "HitDefense": 8,
      "PierceDefense": 8,
      "HeatDefense": 4,
      "ColdDefense": 4,
      "LightningDefense": 4,
      "LightDefense": 4,
      "LpDefense": 2
    },
    {
      "EnglishName": "Jumbo Moch",
      "JapaneseName": "ジャンボ・モク",
      "Category": "Unique",
      "Hp": 1822,
      "Lp": 6,
      "SlashDefense": 12,
      "HitDefense": 12,
      "PierceDefense": 12,
      "HeatDefense": 2,
      "ColdDefense": 12,
      "LightningDefense": 8,
      "LightDefense": 16,
      "LpDefense": 1
    }
  ]
}