﻿{
  "Materials": [
    {
      "EnglishName": "Feather",
      "JapaneseName": "フェザー",
      "Weight": 0,
      "BaseValue": 3501,
      "DaggerDamage": 0,
      "SwordDamage": 0,
      "AxeDamage": 0,
      "StaffDamage": 0,
      "SpearDamage": 0,
      "BowDamage": 0
    },
    {
      "EnglishName": "Cotton",
      "JapaneseName": "コットン",
      "Weight": 2,
      "BaseValue": 472,
      "DaggerDamage": 0,
      "SwordDamage": 0,
      "AxeDamage": 0,
      "StaffDamage": 0,
      "SpearDamage": 0,
      "BowDamage": 0
    },
    {
      "EnglishName": "Silk",
      "JapaneseName": "シルク",
      "Weight": 2,
      "BaseValue": 1472,
      "DaggerDamage": 0,
      "SwordDamage": 0,
      "AxeDamage": 0,
      "StaffDamage": 0,
      "SpearDamage": 0,
      "BowDamage": 0
    },
    {
      "EnglishName": "Velvet",
      "JapaneseName": "ベルベット",
      "Weight": 2,
      "BaseValue": 15221,
      "DaggerDamage": 0,
      "SwordDamage": 0,
      "AxeDamage": 0,
      "StaffDamage": 0,
      "SpearDamage": 0,
      "BowDamage": 0
    },
    {
      "EnglishName": "Glossed Silk",
      "JapaneseName": "ライブシルク",
      "Weight": 2,
      "BaseValue": 103112,
      "DaggerDamage": 0,
      "SwordDamage": 0,
      "AxeDamage": 0,
      "StaffDamage": 0,
      "SpearDamage": 0,
      "BowDamage": 0
    },
    {
      "EnglishName": "Fur",
      "JapaneseName": "毛皮",
      "Weight": 3,
      "BaseValue": 887,
      "DaggerDamage": 0,
      "SwordDamage": 0,
      "AxeDamage": 0,
      "StaffDamage": 0,
      "SpearDamage": 0,
      "BowDamage": 0
    },
    {
      "EnglishName": "Snake Skin",
      "JapaneseName": "蛇革",
      "Weight": 3,
      "BaseValue": 1588,
      "DaggerDamage": 0,
      "SwordDamage": 0,
      "AxeDamage": 0,
      "StaffDamage": 0,
      "SpearDamage": 0,
      "BowDamage": 0
    },
    {
      "EnglishName": "Croc Skin",
      "JapaneseName": "ワニ革",
      "Weight": 3,
      "BaseValue": 7610,
      "DaggerDamage": 0,
      "SwordDamage": 0,
      "AxeDamage": 0,
      "StaffDamage": 0,
      "SpearDamage": 0,
      "BowDamage": 0
    },
    {
      "EnglishName": "Hydra Skin",
      "JapaneseName": "ヒドラ革",
      "Weight": 5,
      "BaseValue": 49455,
      "DaggerDamage": 0,
      "SwordDamage": 0,
      "AxeDamage": 0,
      "StaffDamage": 0,
      "SpearDamage": 0,
      "BowDamage": 0
    },
    {
      "EnglishName": "Copse",
      "JapaneseName": "雑木",
      "Weight": 1,
      "BaseValue": 231,
      "DaggerDamage": 5,
      "SwordDamage": 8,
      "AxeDamage": 0,
      "StaffDamage": 7,
      "SpearDamage": 12,
      "BowDamage": 14
    },
    {
      "EnglishName": "Cedar",
      "JapaneseName": "ヒノキ",
      "Weight": 1,
      "BaseValue": 1726,
      "DaggerDamage": 13,
      "SwordDamage": 19,
      "AxeDamage": 0,
      "StaffDamage": 19,
      "SpearDamage": 25,
      "BowDamage": 24
    },
    {
      "EnglishName": "Oak",
      "JapaneseName": "カシ",
      "Weight": 1,
      "BaseValue": 3701,
      "DaggerDamage": 15,
      "SwordDamage": 23,
      "AxeDamage": 0,
      "StaffDamage": 25,
      "SpearDamage": 30,
      "BowDamage": 28
    },
    {
      "EnglishName": "Ash",
      "JapaneseName": "とねりこ",
      "Weight": 2,
      "BaseValue": 27247,
      "DaggerDamage": 20,
      "SwordDamage": 26,
      "AxeDamage": 0,
      "StaffDamage": 30,
      "SpearDamage": 33,
      "BowDamage": 37
    },
    {
      "EnglishName": "Fang (A)",
      "JapaneseName": "牙材 (A)",
      "Weight": 2,
      "BaseValue": 2728,
      "DaggerDamage": 16,
      "SwordDamage": 19,
      "AxeDamage": 22,
      "StaffDamage": 16,
      "SpearDamage": 24,
      "BowDamage": 22
    },
    {
      "EnglishName": "Fang (B)",
      "JapaneseName": "牙材 (B)",
      "Weight": 2,
      "BaseValue": 11456,
      "DaggerDamage": 24,
      "SwordDamage": 31,
      "AxeDamage": 37,
      "StaffDamage": 24,
      "SpearDamage": 38,
      "BowDamage": 26
    },
    {
      "EnglishName": "Bone (A)",
      "JapaneseName": "骨材 (A)",
      "Weight": 3,
      "BaseValue": 682,
      "DaggerDamage": 21,
      "SwordDamage": 27,
      "AxeDamage": 32,
      "StaffDamage": 22,
      "SpearDamage": 35,
      "BowDamage": 31
    },
    {
      "EnglishName": "Bone (B)",
      "JapaneseName": "骨材 (B)",
      "Weight": 3,
      "BaseValue": 5971,
      "DaggerDamage": 26,
      "SwordDamage": 33,
      "AxeDamage": 39,
      "StaffDamage": 28,
      "SpearDamage": 40,
      "BowDamage": 36
    },
    {
      "EnglishName": "Scale",
      "JapaneseName": "細鱗",
      "Weight": 3,
      "BaseValue": 1432,
      "DaggerDamage": 20,
      "SwordDamage": 26,
      "AxeDamage": 0,
      "StaffDamage": 0,
      "SpearDamage": 32,
      "BowDamage": 0
    },
    {
      "EnglishName": "Tortoise Shell",
      "JapaneseName": "甲板",
      "Weight": 4,
      "BaseValue": 2709,
      "DaggerDamage": 23,
      "SwordDamage": 0,
      "AxeDamage": 41,
      "StaffDamage": 0,
      "SpearDamage": 40,
      "BowDamage": 0
    },
    {
      "EnglishName": "Coel. Scale",
      "JapaneseName": "化石魚の鱗",
      "Weight": 1,
      "BaseValue": 13529,
      "DaggerDamage": 31,
      "SwordDamage": 45,
      "AxeDamage": 0,
      "StaffDamage": 0,
      "SpearDamage": 50,
      "BowDamage": 0
    },
    {
      "EnglishName": "Dragonscale",
      "JapaneseName": "竜鱗",
      "Weight": 5,
      "BaseValue": 100292,
      "DaggerDamage": 55,
      "SwordDamage": 77,
      "AxeDamage": 0,
      "StaffDamage": 0,
      "SpearDamage": 85,
      "BowDamage": 0
    },
    {
      "EnglishName": "Angelite",
      "JapaneseName": "聖石",
      "Weight": 0,
      "BaseValue": 7558,
      "DaggerDamage": 0,
      "SwordDamage": 0,
      "AxeDamage": 0,
      "StaffDamage": 0,
      "SpearDamage": 0,
      "BowDamage": 0
    },
    {
      "EnglishName": "Demonite",
      "JapaneseName": "魔石",
      "Weight": 0,
      "BaseValue": 6054,
      "DaggerDamage": 0,
      "SwordDamage": 0,
      "AxeDamage": 0,
      "StaffDamage": 0,
      "SpearDamage": 0,
      "BowDamage": 0
    },
    {
      "EnglishName": "Mullock (A)",
      "JapaneseName": "廃石 (A)",
      "Weight": 4,
      "BaseValue": 422,
      "DaggerDamage": 7,
      "SwordDamage": 10,
      "AxeDamage": 14,
      "StaffDamage": 10,
      "SpearDamage": 12,
      "BowDamage": 0
    },
    {
      "EnglishName": "Mullock (B)",
      "JapaneseName": "廃石 (B)",
      "Weight": 4,
      "BaseValue": 549,
      "DaggerDamage": 7,
      "SwordDamage": 10,
      "AxeDamage": 14,
      "StaffDamage": 10,
      "SpearDamage": 12,
      "BowDamage": 0
    },
    {
      "EnglishName": "Carnelian",
      "JapaneseName": "朱鳥石",
      "Weight": 3,
      "BaseValue": 2944,
      "DaggerDamage": 15,
      "SwordDamage": 20,
      "AxeDamage": 22,
      "StaffDamage": 15,
      "SpearDamage": 25,
      "BowDamage": 0
    },
    {
      "EnglishName": "Lazuli",
      "JapaneseName": "蒼龍石",
      "Weight": 3,
      "BaseValue": 3727,
      "DaggerDamage": 15,
      "SwordDamage": 20,
      "AxeDamage": 22,
      "StaffDamage": 15,
      "SpearDamage": 25,
      "BowDamage": 0
    },
    {
      "EnglishName": "Opal",
      "JapaneseName": "白虎石",
      "Weight": 3,
      "BaseValue": 3155,
      "DaggerDamage": 15,
      "SwordDamage": 20,
      "AxeDamage": 22,
      "StaffDamage": 15,
      "SpearDamage": 25,
      "BowDamage": 0
    },
    {
      "EnglishName": "Ravenite",
      "JapaneseName": "玄武石",
      "Weight": 3,
      "BaseValue": 2904,
      "DaggerDamage": 15,
      "SwordDamage": 20,
      "AxeDamage": 22,
      "StaffDamage": 15,
      "SpearDamage": 25,
      "BowDamage": 0
    },
    {
      "EnglishName": "Topaz",
      "JapaneseName": "黄龍石",
      "Weight": 3,
      "BaseValue": 2985,
      "DaggerDamage": 15,
      "SwordDamage": 20,
      "AxeDamage": 22,
      "StaffDamage": 15,
      "SpearDamage": 25,
      "BowDamage": 0
    },
    {
      "EnglishName": "Serpentine",
      "JapaneseName": "蛇紋石",
      "Weight": 5,
      "BaseValue": 1524,
      "DaggerDamage": 22,
      "SwordDamage": 28,
      "AxeDamage": 31,
      "StaffDamage": 25,
      "SpearDamage": 36,
      "BowDamage": 0
    },
    {
      "EnglishName": "Marcasite",
      "JapaneseName": "銅鉱石",
      "Weight": 6,
      "BaseValue": 1492,
      "DaggerDamage": 18,
      "SwordDamage": 30,
      "AxeDamage": 34,
      "StaffDamage": 25,
      "SpearDamage": 37,
      "BowDamage": 0
    },
    {
      "EnglishName": "Quartz",
      "JapaneseName": "石英",
      "Weight": 4,
      "BaseValue": 7402,
      "DaggerDamage": 31,
      "SwordDamage": 26,
      "AxeDamage": 41,
      "StaffDamage": 29,
      "SpearDamage": 45,
      "BowDamage": 0
    },
    {
      "EnglishName": "Meteorite",
      "JapaneseName": "隕石",
      "Weight": 5,
      "BaseValue": 47113,
      "DaggerDamage": 25,
      "SwordDamage": 37,
      "AxeDamage": 42,
      "StaffDamage": 32,
      "SpearDamage": 0,
      "BowDamage": 0
    },
    {
      "EnglishName": "Ironstone",
      "JapaneseName": "鉄鉱石",
      "Weight": 6,
      "BaseValue": 7588,
      "DaggerDamage": 30,
      "SwordDamage": 40,
      "AxeDamage": 45,
      "StaffDamage": 33,
      "SpearDamage": 48,
      "BowDamage": 0
    },
    {
      "EnglishName": "Silver",
      "JapaneseName": "自然銀",
      "Weight": 3,
      "BaseValue": 6311,
      "DaggerDamage": 25,
      "SwordDamage": 35,
      "AxeDamage": 40,
      "StaffDamage": 30,
      "SpearDamage": 40,
      "BowDamage": 0
    },
    {
      "EnglishName": "Obsidian",
      "JapaneseName": "黒曜石",
      "Weight": 6,
      "BaseValue": 30233,
      "DaggerDamage": 50,
      "SwordDamage": 60,
      "AxeDamage": 70,
      "StaffDamage": 40,
      "SpearDamage": 65,
      "BowDamage": 0
    },
    {
      "EnglishName": "Corundum (A)",
      "JapaneseName": "廃石 (A)",
      "Weight": 3,
      "BaseValue": 25778,
      "DaggerDamage": 58,
      "SwordDamage": 0,
      "AxeDamage": 0,
      "StaffDamage": 50,
      "SpearDamage": 70,
      "BowDamage": 0
    },
    {
      "EnglishName": "Corundum (B)",
      "JapaneseName": "廃石 (B)",
      "Weight": 3,
      "BaseValue": 31952,
      "DaggerDamage": 58,
      "SwordDamage": 0,
      "AxeDamage": 0,
      "StaffDamage": 50,
      "SpearDamage": 70,
      "BowDamage": 0
    },
    {
      "EnglishName": "Diamond",
      "JapaneseName": "金剛石",
      "Weight": 3,
      "BaseValue": 48438,
      "DaggerDamage": 65,
      "SwordDamage": 0,
      "AxeDamage": 0,
      "StaffDamage": 55,
      "SpearDamage": 75,
      "BowDamage": 0
    },
    {
      "EnglishName": "Copper",
      "JapaneseName": "銅",
      "Weight": 6,
      "BaseValue": 2844,
      "DaggerDamage": 22,
      "SwordDamage": 32,
      "AxeDamage": 34,
      "StaffDamage": 26,
      "SpearDamage": 36,
      "BowDamage": 36,
      "GunDamage": 20
    },
    {
      "EnglishName": "Lead",
      "JapaneseName": "鉛",
      "Weight": 8,
      "BaseValue": 3222,
      "DaggerDamage": 24,
      "SwordDamage": 35,
      "AxeDamage": 38,
      "StaffDamage": 33,
      "SpearDamage": 40,
      "BowDamage": 39
    },
    {
      "EnglishName": "Iron",
      "JapaneseName": "鉄",
      "Weight": 5,
      "BaseValue": 6534,
      "DaggerDamage": 33,
      "SwordDamage": 45,
      "AxeDamage": 50,
      "StaffDamage": 38,
      "SpearDamage": 50,
      "BowDamage": 48,
      "GunDamage": 20
    },
    {
      "EnglishName": "Meteoric Iron",
      "JapaneseName": "隕鉄",
      "Weight": 4,
      "BaseValue": 48438,
      "DaggerDamage": 30,
      "SwordDamage": 40,
      "AxeDamage": 44,
      "StaffDamage": 30,
      "SpearDamage": 44,
      "BowDamage": 42
    },
    {
      "EnglishName": "Steel (A)",
      "JapaneseName": "鋼 (A)",
      "Weight": 5,
      "BaseValue": 23556,
      "DaggerDamage": 39,
      "SwordDamage": 55,
      "AxeDamage": 57,
      "StaffDamage": 43,
      "SpearDamage": 59,
      "BowDamage": 58
    },
    {
      "EnglishName": "Steel (B)",
      "JapaneseName": "鋼 (B)",
      "Weight": 5,
      "BaseValue": 61737,
      "DaggerDamage": 38,
      "SwordDamage": 54,
      "AxeDamage": 56,
      "StaffDamage": 42,
      "SpearDamage": 58,
      "BowDamage": 57
    },
    {
      "EnglishName": "Faerie Silver",
      "JapaneseName": "精霊銀",
      "Weight": 2,
      "BaseValue": 58407,
      "DaggerDamage": 44,
      "SwordDamage": 50,
      "AxeDamage": 52,
      "StaffDamage": 40,
      "SpearDamage": 55,
      "BowDamage": 52
    },
    {
      "EnglishName": "Damascus",
      "JapaneseName": "ダマスクス",
      "Weight": 6,
      "BaseValue": 111281,
      "DaggerDamage": 66,
      "SwordDamage": 75,
      "AxeDamage": 79,
      "StaffDamage": 60,
      "SpearDamage": 83,
      "BowDamage": 77 
    },
    {
      "EnglishName": "Roadster",
      "JapaneseName": "ロードスター",
      "Weight": 4,
      "BaseValue": 94882,
      "DaggerDamage": 50,
      "SwordDamage": 70,
      "AxeDamage": 65,
      "StaffDamage": 55,
      "SpearDamage": 60,
      "BowDamage": 50
    },
    {
      "EnglishName": "Altemana",
      "JapaneseName": "至高の宝玉",
      "Weight": 4,
      "DaggerDamage": 11,
      "SwordDamage": 10,
      "AxeDamage": 0,
      "StaffDamage": 0,
      "SpearDamage": 0,
      "BowDamage": 0
    },
    {
      "EnglishName": "Queen Shiva",
      "JapaneseName": "シヴァの女王",
      "Weight": 3,
      "BaseValue": 138916,
      "DaggerDamage": 45,
      "SwordDamage": 60,
      "AxeDamage": 72,
      "StaffDamage": 0,
      "SpearDamage": 70,
      "BowDamage": 60
    },
    {
      "EnglishName": "Dragonheart",
      "JapaneseName": "ドラゴンハート",
      "Weight": 3,
      "BaseValue": 162925,
      "DaggerDamage": 40,
      "SwordDamage": 50,
      "AxeDamage": 56,
      "StaffDamage": 45,
      "SpearDamage": 60,
      "BowDamage": 55
    }
  ]
}