﻿{
  "Panels": [
    {
      "EnglishName": "Punch",
      "JapaneseName": "パンチ",
      "PanelType": "Martial",
      "AbilityGrowth": 80,
      "ElementGrowth": 20,
      "StrengthBonus": 2,
      "SkillBonus": 0,
      "SpiritBonus": 0,
      "MagicBonus": 0,
      "EnduranceBonus": 2
    },
    {
      "EnglishName": "Kick",
      "JapaneseName": "キック",
      "PanelType": "Martial",
      "AbilityGrowth": 80,
      "ElementGrowth": 20,
      "StrengthBonus": 2,
      "SkillBonus": 0,
      "SpiritBonus": 0,
      "MagicBonus": 0,
      "EnduranceBonus": 2
    },
    {
      "EnglishName": "Throw",
      "JapaneseName": "投げ",
      "PanelType": "Martial",
      "AbilityGrowth": 70,
      "ElementGrowth": 30,
      "StrengthBonus": 2,
      "SkillBonus": 0,
      "SpiritBonus": 0,
      "MagicBonus": 0,
      "EnduranceBonus": 2
    },
    {
      "EnglishName": "Dagger",
      "JapaneseName": "短剣",
      "PanelType": "Dagger",
      "AbilityGrowth": 60,
      "ElementGrowth": 40,
      "StrengthBonus": 0,
      "SkillBonus": 2,
      "SpiritBonus": 0,
      "MagicBonus": 1,
      "EnduranceBonus": 1
    },
    {
      "EnglishName": "Sword",
      "JapaneseName": "長剣",
      "PanelType": "Sword",
      "AbilityGrowth": 70,
      "ElementGrowth": 30,
      "StrengthBonus": 2,
      "SkillBonus": 2,
      "SpiritBonus": 0,
      "MagicBonus": 0,
      "EnduranceBonus": 0
    },
    {
      "EnglishName": "Axe",
      "JapaneseName": "斧",
      "PanelType": "Axe",
      "AbilityGrowth": 80,
      "ElementGrowth": 20,
      "StrengthBonus": 3,
      "SkillBonus": 0,
      "SpiritBonus": 0,
      "MagicBonus": 0,
      "EnduranceBonus": 1
    },
    {
      "EnglishName": "Staff",
      "JapaneseName": "杖",
      "PanelType": "Staff",
      "AbilityGrowth": 40,
      "ElementGrowth": 60,
      "StrengthBonus": 0,
      "SkillBonus": 0,
      "SpiritBonus": 2,
      "MagicBonus": 0,
      "EnduranceBonus": 1
    },
    {
      "EnglishName": "Spear",
      "JapaneseName": "槍",
      "PanelType": "Spear",
      "AbilityGrowth": 70,
      "ElementGrowth": 30,
      "StrengthBonus": 2,
      "SkillBonus": 0,
      "SpiritBonus": 0,
      "MagicBonus": 0,
      "EnduranceBonus": 2
    },
    {
      "EnglishName": "Bow",
      "JapaneseName": "弓",
      "PanelType": "Bow",
      "AbilityGrowth": 60,
      "ElementGrowth": 40,
      "StrengthBonus": 2,
      "SkillBonus": 2,
      "SpiritBonus": 0,
      "MagicBonus": 0,
      "EnduranceBonus": 0
    },
    {
      "EnglishName": "Gun",
      "JapaneseName": "銃",
      "PanelType": "Gun",
      "AbilityGrowth": 60,
      "ElementGrowth": 20,
      "StrengthBonus": 0,
      "SkillBonus": 4,
      "SpiritBonus": 0,
      "MagicBonus": 0,
      "EnduranceBonus": 0
    },
    {
      "EnglishName": "Shield",
      "JapaneseName": "盾",
      "PanelType": "Shield",
      "AbilityGrowth": 60,
      "ElementGrowth": 40,
      "StrengthBonus": 0,
      "SkillBonus": 0,
      "SpiritBonus": 0,
      "MagicBonus": 0,
      "EnduranceBonus": 4
    },
    {
      "EnglishName": "Iron Body",
      "JapaneseName": "肉の鎧",
      "PanelType": "Defense",
      "AbilityGrowth": 90,
      "ElementGrowth": 20,
      "StrengthBonus": 0,
      "SkillBonus": 0,
      "SpiritBonus": 0,
      "MagicBonus": 0,
      "EnduranceBonus": 4
    },
    {
      "EnglishName": "Fortify",
      "JapaneseName": "不屈",
      "PanelType": "Defense",
      "AbilityGrowth": 10,
      "ElementGrowth": 50,
      "StrengthBonus": 0,
      "SkillBonus": 0,
      "SpiritBonus": 0,
      "MagicBonus": 0,
      "EnduranceBonus": 4
    },
    {
      "EnglishName": "Toughness",
      "JapaneseName": "タフネス",
      "PanelType": "Defense",
      "AbilityGrowth": 75,
      "ElementGrowth": 25,
      "StrengthBonus": 0,
      "SkillBonus": 0,
      "SpiritBonus": 0,
      "MagicBonus": 0,
      "EnduranceBonus": 4
    },
    {
      "EnglishName": "Recovery",
      "JapaneseName": "立ち直り",
      "PanelType": "Defense",
      "AbilityGrowth": 30,
      "ElementGrowth": 70,
      "StrengthBonus": 0,
      "SkillBonus": 0,
      "SpiritBonus": 0,
      "MagicBonus": 0,
      "EnduranceBonus": 4
    },
    {
      "EnglishName": "Natural",
      "JapaneseName": "ナチュラル",
      "PanelType": "Defense",
      "AbilityGrowth": 65,
      "ElementGrowth": 35,
      "StrengthBonus": 0,
      "SkillBonus": 0,
      "SpiritBonus": 0,
      "MagicBonus": 0,
      "EnduranceBonus": 4
    },
    {
      "EnglishName": "Iron Will",
      "JapaneseName": "鋼の意思",
      "PanelType": "Defense",
      "AbilityGrowth": 60,
      "ElementGrowth": 40,
      "StrengthBonus": 0,
      "SkillBonus": 0,
      "SpiritBonus": 0,
      "MagicBonus": 0,
      "EnduranceBonus": 4
    },
    {
      "EnglishName": "Magic Tablet",
      "JapaneseName": "魔道板",
      "PanelType": "Magic",
      "AbilityGrowth": 35,
      "ElementGrowth": 65,
      "FireBonus": 1,
      "EarthBonus": 1,
      "MetalBonus": 1,
      "WaterBonus": 1,
      "WoodBonus": 1
    },
    {
      "EnglishName": "Magic Blender",
      "JapaneseName": "術合成",
      "PanelType": "Magic",
      "AbilityGrowth": 70,
      "ElementGrowth": 40,
      "FireBonus": 1,
      "EarthBonus": 1,
      "MetalBonus": 1,
      "WaterBonus": 1,
      "WoodBonus": 1
    },
    {
      "EnglishName": "Familiar",
      "JapaneseName": "ファミリア",
      "PanelType": "Familiar",
      "AbilityGrowth": 15,
      "ElementGrowth": 65,
      "StrengthBonus": 0,
      "SkillBonus": 0,
      "SpiritBonus": 1,
      "MagicBonus": 3,
      "EnduranceBonus": 0
    },
    {
      "EnglishName": "Judy Familiar",
      "JapaneseName": "ジュディ ファミリア",
      "PanelType": "Familiar",
      "AbilityGrowth": 10,
      "ElementGrowth": 70,
      "StrengthBonus": 0,
      "SkillBonus": 0,
      "SpiritBonus": 3,
      "MagicBonus": 1,
      "EnduranceBonus": 0
    },
    {
      "EnglishName": "Master Technician",
      "JapaneseName": "技の達人",
      "PanelType": "Expert",
      "AbilityGrowth": 70,
      "ElementGrowth": 10,
      "StrengthBonus": 0,
      "SkillBonus": 2,
      "SpiritBonus": 2,
      "MagicBonus": 0,
      "EnduranceBonus": 0
    },
    {
      "EnglishName": "Master Magician",
      "JapaneseName": "術の達人",
      "PanelType": "Expert",
      "AbilityGrowth": 10,
      "ElementGrowth": 70,
      "StrengthBonus": 0,
      "SkillBonus": 2,
      "SpiritBonus": 2,
      "MagicBonus": 0,
      "EnduranceBonus": 0
    },
    {
      "EnglishName": "Thrift Saver",
      "JapaneseName": "節約魂",
      "PanelType": "Expert",
      "AbilityGrowth": 40,
      "ElementGrowth": 40,
      "StrengthBonus": 0,
      "SkillBonus": 2,
      "SpiritBonus": 2,
      "MagicBonus": 0,
      "EnduranceBonus": 0
    },
    {
      "EnglishName": "Master Fighter",
      "JapaneseName": "格闘マスタリー",
      "PanelType": "Mastery",
      "AbilityGrowth": 70,
      "ElementGrowth": 20,
      "StrengthBonus": 1,
      "SkillBonus": 1,
      "SpiritBonus": 1,
      "MagicBonus": 0,
      "EnduranceBonus": 1
    },
    {
      "EnglishName": "Weapon Meister",
      "JapaneseName": "武器マスタリー",
      "PanelType": "Mastery",
      "AbilityGrowth": 60,
      "ElementGrowth": 30,
      "StrengthBonus": 1,
      "SkillBonus": 1,
      "SpiritBonus": 1,
      "MagicBonus": 0,
      "EnduranceBonus": 1
    },
    {
      "EnglishName": "Road Guide",
      "JapaneseName": "道案内",
      "PanelType": "Investigation",
      "AbilityGrowth": 25,
      "ElementGrowth": 70,
      "StrengthBonus": 0,
      "SkillBonus": 0,
      "SpiritBonus": 0,
      "MagicBonus": 0,
      "EnduranceBonus": 2,
      "WaterBonus": 2
    },
    {
      "EnglishName": "Cave Guide",
      "JapaneseName": "洞窟探検",
      "PanelType": "Investigation",
      "AbilityGrowth": 25,
      "ElementGrowth": 70,
      "StrengthBonus": 0,
      "SkillBonus": 0,
      "SpiritBonus": 0,
      "MagicBonus": 0,
      "EnduranceBonus": 2,
      "WaterBonus": 2
    },
    {
      "EnglishName": "Architect Guide",
      "JapaneseName": "建造物の知識",
      "PanelType": "Investigation",
      "AbilityGrowth": 30,
      "ElementGrowth": 60,
      "StrengthBonus": 0,
      "SkillBonus": 0,
      "SpiritBonus": 0,
      "MagicBonus": 0,
      "EnduranceBonus": 2,
      "WaterBonus": 2
    },
    {
      "EnglishName": "Obstacle Crossing",
      "JapaneseName": "障害物越え",
      "PanelType": "Investigation",
      "AbilityGrowth": 60,
      "ElementGrowth": 35,
      "StrengthBonus": 0,
      "SkillBonus": 0,
      "SpiritBonus": 0,
      "MagicBonus": 0,
      "EnduranceBonus": 2,
      "WaterBonus": 2
    },
    {
      "EnglishName": "Swimming",
      "JapaneseName": "水泳",
      "PanelType": "Investigation",
      "AbilityGrowth": 65,
      "ElementGrowth": 25,
      "StrengthBonus": 0,
      "SkillBonus": 0,
      "SpiritBonus": 0,
      "MagicBonus": 0,
      "EnduranceBonus": 2,
      "WaterBonus": 2
    },
    {
      "EnglishName": "Adaptability",
      "JapaneseName": "適応能力",
      "PanelType": "Investigation",
      "AbilityGrowth": 55,
      "ElementGrowth": 45,
      "StrengthBonus": 0,
      "SkillBonus": 0,
      "SpiritBonus": 0,
      "MagicBonus": 0,
      "EnduranceBonus": 2,
      "WaterBonus": 2
    },
    {
      "EnglishName": "Eavesdrop",
      "JapaneseName": "聞き耳",
      "PanelType": "Support",
      "AbilityGrowth": 25,
      "ElementGrowth": 65,
      "StrengthBonus": 0,
      "SkillBonus": 2,
      "SpiritBonus": 0,
      "MagicBonus": 0,
      "EnduranceBonus": 0,
      "EarthBonus": 2
    },
    {
      "EnglishName": "Aura",
      "JapaneseName": "身のこなし",
      "PanelType": "Support",
      "AbilityGrowth": 50,
      "ElementGrowth": 40,
      "StrengthBonus": 0,
      "SkillBonus": 2,
      "SpiritBonus": 0,
      "MagicBonus": 0,
      "EnduranceBonus": 0,
      "EarthBonus": 2
    },
    {
      "EnglishName": "Sharpeye",
      "JapaneseName": "見破る",
      "PanelType": "Support",
      "AbilityGrowth": 30,
      "ElementGrowth": 60,
      "StrengthBonus": 0,
      "SkillBonus": 2,
      "SpiritBonus": 0,
      "MagicBonus": 0,
      "EnduranceBonus": 0,
      "EarthBonus": 2
    },
    {
      "EnglishName": "Defuse",
      "JapaneseName": "罠外し",
      "PanelType": "Support",
      "AbilityGrowth": 65,
      "ElementGrowth": 25,
      "StrengthBonus": 0,
      "SkillBonus": 2,
      "SpiritBonus": 0,
      "MagicBonus": 0,
      "EnduranceBonus": 0,
      "EarthBonus": 2
    },
    {
      "EnglishName": "Locksmith",
      "JapaneseName": "鍵開け",
      "PanelType": "Support",
      "AbilityGrowth": 70,
      "ElementGrowth": 20,
      "StrengthBonus": 0,
      "SkillBonus": 2,
      "SpiritBonus": 0,
      "MagicBonus": 0,
      "EnduranceBonus": 0,
      "EarthBonus": 2
    },
    {
      "EnglishName": "Monger",
      "JapaneseName": "あきんど",
      "PanelType": "Negotiation",
      "AbilityGrowth": 50,
      "ElementGrowth": 30,
      "StrengthBonus": 0,
      "SkillBonus": 0,
      "SpiritBonus": 2,
      "MagicBonus": 0,
      "EnduranceBonus": 0,
      "WoodBonus": 2
    },
    {
      "EnglishName": "Maharaja",
      "JapaneseName": "マハラジャ",
      "PanelType": "Negotiation",
      "AbilityGrowth": 30,
      "ElementGrowth": 50,
      "StrengthBonus": 0,
      "SkillBonus": 0,
      "SpiritBonus": 2,
      "MagicBonus": 0,
      "EnduranceBonus": 0,
      "WoodBonus": 2
    },
    {
      "EnglishName": "Diplomacy",
      "JapaneseName": "外交",
      "PanelType": "Negotiation",
      "AbilityGrowth": 20,
      "ElementGrowth": 60,
      "StrengthBonus": 0,
      "SkillBonus": 0,
      "SpiritBonus": 2,
      "MagicBonus": 0,
      "EnduranceBonus": 0,
      "WoodBonus": 2
    },
    {
      "EnglishName": "Inconspicuous",
      "JapaneseName": "地味",
      "PanelType": "Negotiation",
      "AbilityGrowth": 15,
      "ElementGrowth": 65,
      "StrengthBonus": 0,
      "SkillBonus": 0,
      "SpiritBonus": 2,
      "MagicBonus": 0,
      "EnduranceBonus": 0,
      "WoodBonus": 2
    },
    {
      "EnglishName": "Fashion",
      "JapaneseName": "おしゃれ",
      "PanelType": "Negotiation",
      "AbilityGrowth": 15,
      "ElementGrowth": 65,
      "StrengthBonus": 0,
      "SkillBonus": 0,
      "SpiritBonus": 2,
      "MagicBonus": 0,
      "EnduranceBonus": 0,
      "WoodBonus": 2
    },
    {
      "EnglishName": "Artiste",
      "JapaneseName": "目利き",
      "PanelType": "Item",
      "AbilityGrowth": 40,
      "ElementGrowth": 40,
      "StrengthBonus": 0,
      "SkillBonus": 3,
      "SpiritBonus": 0,
      "MagicBonus": 0,
      "EnduranceBonus": 0,
      "MetalBonus": 2
    },
    {
      "EnglishName": "Quick Fix",
      "JapaneseName": "簡易修理",
      "PanelType": "Item",
      "AbilityGrowth": 60,
      "ElementGrowth": 20,
      "StrengthBonus": 0,
      "SkillBonus": 3,
      "SpiritBonus": 0,
      "MagicBonus": 0,
      "EnduranceBonus": 0,
      "MetalBonus": 2
    },
    {
      "EnglishName": "Weaponsmith",
      "JapaneseName": "武器加工",
      "PanelType": "Item",
      "AbilityGrowth": 55,
      "ElementGrowth": 25,
      "StrengthBonus": 0,
      "SkillBonus": 3,
      "SpiritBonus": 0,
      "MagicBonus": 0,
      "EnduranceBonus": 0,
      "MetalBonus": 2
    },
    {
      "EnglishName": "Accessory Smith",
      "JapaneseName": "装飾品加工",
      "PanelType": "Item",
      "AbilityGrowth": 55,
      "ElementGrowth": 25,
      "StrengthBonus": 0,
      "SkillBonus": 3,
      "SpiritBonus": 0,
      "MagicBonus": 0,
      "EnduranceBonus": 0,
      "MetalBonus": 2
    },
    {
      "EnglishName": "Fortuneteller",
      "JapaneseName": "占い",
      "PanelType": "Mystery",
      "AbilityGrowth": 20,
      "ElementGrowth": 80,
      "StrengthBonus": 0,
      "SkillBonus": 0,
      "SpiritBonus": 0,
      "MagicBonus": 3,
      "EnduranceBonus": 0,
      "FireBonus": 2
    },
    {
      "EnglishName": "Arcane Tongue",
      "JapaneseName": "旧き言葉の知識",
      "PanelType": "Mystery",
      "AbilityGrowth": 70,
      "ElementGrowth": 50,
      "StrengthBonus": 0,
      "SkillBonus": 0,
      "SpiritBonus": 0,
      "MagicBonus": 3,
      "EnduranceBonus": 0,
      "FireBonus": 2
    },
    {
      "EnglishName": "Gauntlet",
      "JapaneseName": "ガントレット",
      "PanelType": "Gauntlet",
      "AbilityGrowth": 95,
      "ElementGrowth": 15,
      "StrengthBonus": 0,
      "SkillBonus": 0,
      "SpiritBonus": 0,
      "MagicBonus": 0,
      "EnduranceBonus": 0,
      "FireBonus": 0
    },
    {
      "EnglishName": "Phobia",
      "JapaneseName": "恐怖症",
      "PanelType": "Phobia",
      "AbilityGrowth": 35,
      "ElementGrowth": 70,
      "StrengthBonus": 2,
      "SkillBonus": 0,
      "SpiritBonus": 0,
      "MagicBonus": 6,
      "EnduranceBonus": 0
    },
    {
      "EnglishName": "Pacifist",
      "JapaneseName": "不殺の誓約",
      "PanelType": "Pacifist",
      "AbilityGrowth": 50,
      "ElementGrowth": 55,
      "StrengthBonus": 0,
      "SkillBonus": 0,
      "SpiritBonus": 3,
      "MagicBonus": 3,
      "EnduranceBonus": 0
    },
    {
      "EnglishName": "Seal Martial Arts",
      "JapaneseName": "体術封印",
      "PanelType": "Seal",
      "AbilityGrowth": 65,
      "ElementGrowth": 45,
      "StrengthBonus": 2,
      "SkillBonus": 0,
      "SpiritBonus": 4,
      "MagicBonus": 0,
      "EnduranceBonus": 0
    },
    {
      "EnglishName": "Seal Dagger",
      "JapaneseName": "武器封印 - 短剣",
      "PanelType": "Seal",
      "AbilityGrowth": 70,
      "ElementGrowth": 40,
      "StrengthBonus": 2,
      "SkillBonus": 0,
      "SpiritBonus": 4,
      "MagicBonus": 0,
      "EnduranceBonus": 0
    },
    {
      "EnglishName": "Seal Sword",
      "JapaneseName": "武器封印 - 長剣",
      "PanelType": "Seal",
      "AbilityGrowth": 70,
      "ElementGrowth": 40,
      "StrengthBonus": 2,
      "SkillBonus": 0,
      "SpiritBonus": 4,
      "MagicBonus": 0,
      "EnduranceBonus": 0
    },
    {
      "EnglishName": "Seal Staff",
      "JapaneseName": "武器封印 - 杖",
      "PanelType": "Seal",
      "AbilityGrowth": 70,
      "ElementGrowth": 40,
      "StrengthBonus": 2,
      "SkillBonus": 0,
      "SpiritBonus": 4,
      "MagicBonus": 0,
      "EnduranceBonus": 0
    },
    {
      "EnglishName": "Seal Bow",
      "JapaneseName": "武器封印 - 弓",
      "PanelType": "Seal",
      "AbilityGrowth": 70,
      "ElementGrowth": 40,
      "StrengthBonus": 2,
      "SkillBonus": 0,
      "SpiritBonus": 4,
      "MagicBonus": 0,
      "EnduranceBonus": 0
    },
    {
      "EnglishName": "Seal Axe",
      "JapaneseName": "武器封印 - 斧",
      "PanelType": "Seal",
      "AbilityGrowth": 65,
      "ElementGrowth": 45,
      "StrengthBonus": 2,
      "SkillBonus": 0,
      "SpiritBonus": 4,
      "MagicBonus": 0,
      "EnduranceBonus": 0
    },
    {
      "EnglishName": "Seal Spear",
      "JapaneseName": "武器封印 - 槍",
      "PanelType": "Seal",
      "AbilityGrowth": 65,
      "ElementGrowth": 45,
      "StrengthBonus": 2,
      "SkillBonus": 0,
      "SpiritBonus": 4,
      "MagicBonus": 0,
      "EnduranceBonus": 0
    },
    {
      "EnglishName": "Seal Gun",
      "JapaneseName": "武器封印 - 銃",
      "PanelType": "Seal",
      "AbilityGrowth": 80,
      "ElementGrowth": 30,
      "StrengthBonus": 2,
      "SkillBonus": 0,
      "SpiritBonus": 4,
      "MagicBonus": 0,
      "EnduranceBonus": 0
    }
  ]
}