﻿{
  "EquipmentTypes": [
    {
      "EnglishName": "",
      "JapaneseName": "",
      "WeightMultiplier": 0
    },
    {
      "EnglishName": "Dagger",
      "JapaneseName": "短剣",
      "WeightMultiplier": 2
    },
    {
      "EnglishName": "Sword",
      "JapaneseName": "長剣",
      "WeightMultiplier": 4
    },
    {
      "EnglishName": "Axe",
      "JapaneseName": "斧",
      "WeightMultiplier": 5
    },
    {
      "EnglishName": "Spear",
      "JapaneseName": "槍",
      "WeightMultiplier": 4
    },
    {
      "EnglishName": "Staff",
      "JapaneseName": "杖",
      "WeightMultiplier": 3
    },
    {
      "EnglishName": "Bow",
      "JapaneseName": "弓",
      "WeightMultiplier": 5
    },
    {
      "EnglishName": "Gun",
      "JapaneseName": "銃",
      "WeightMultiplier": 5
    },
    {
      "EnglishName": "Shield",
      "JapaneseName": "盾",
      "WeightMultiplier": 5
    },
    {
      "EnglishName": "Accessory",
      "JapaneseName": "装飾品",
      "WeightMultiplier": 1
    },
    {
      "EnglishName": "Head",
      "JapaneseName": "頭",
      "WeightMultiplier": 3
    },
    {
      "EnglishName": "Chest",
      "JapaneseName": "体",
      "WeightMultiplier": 8
    },
    {
      "EnglishName": "Leg",
      "JapaneseName": "足",
      "WeightMultiplier": 4
    },
    {
      "EnglishName": "Material",
      "JapaneseName": "素材",
      "WeightMultiplier": 1
    }
  ]
}